Date,Region,Category,Sales
2020-01-01,West,Groceries,3414.0
2020-01-02,West,Groceries,1024.8186491419965
2020-01-03,East,Furniture,5633.625415277444
2020-01-04,North,Groceries,949.4084215879689
2020-01-05,North,Furniture,4067.1558036283313
2020-01-06,West,Clothing,4645.855715504935
2020-01-07,North,Groceries,5144.496336044674
2020-01-08,North,Clothing,4556.065874950916
2020-01-09,South,Electronics,5151.552578943395
2020-01-10,North,Clothing,5670.944737878835
2020-01-11,South,Electronics,4817.230690849107
2020-01-12,North,Clothing,5681.398832253744
2020-01-13,East,Clothing,5857.437617843662
2020-01-14,West,Groceries,7061.335570732919
2020-01-15,South,Clothing,9556.081287375408
2020-01-16,West,Groceries,8256.663443503347
2020-01-17,South,Groceries,9840.070800024492
2020-01-18,South,Furniture,7365.292208874986
2020-01-19,South,Furniture,9384.31661882481
2020-01-20,East,Electronics,8520.13308123281
2020-01-21,North,Clothing,8710.730755748287
2020-01-22,South,Electronics,8362.09891595621
2020-01-23,East,Clothing,11430.226954963082
2020-01-24,South,Furniture,11969.104390920576
2020-01-25,North,Furniture,11458.720872484046
2020-01-26,South,Clothing,10630.066184203073
2020-01-27,East,Clothing,10201.130251841252
2020-01-28,North,Furniture,12675.90314762244
2020-01-29,East,Furniture,14342.375095400726
2020-01-30,North,Electronics,11949.536475751444
2020-01-31,North,Furniture,14213.377830980562
2020-02-01,West,Clothing,12678.88987004988
2020-02-02,West,Electronics,12678.063473415388
2020-02-03,West,Clothing,14693.88969777637
2020-02-04,North,Groceries,13488.359780732691
2020-02-05,South,Electronics,13680.465145347902
2020-02-06,East,Clothing,13439.197404615737
2020-02-07,East,Furniture,13514.548365827737
2020-02-08,East,Groceries,16144.51003483966
2020-02-09,West,Clothing,16171.074620234507
2020-02-10,North,Electronics,15289.234537379962
2020-02-11,West,Clothing,15680.98241237816
2020-02-12,South,Groceries,18721.31108590571
2020-02-13,North,Electronics,15207.21361694196
2020-02-14,East,Groceries,15716.68328638361
2020-02-15,West,Clothing,19123.71360054373
2020-02-16,West,Furniture,19746.298294533415
2020-02-17,South,Furniture,17525.431335524263
2020-02-18,South,Clothing,19704.106925890035
2020-02-19,West,Clothing,18223.319506225813
2020-02-20,South,Clothing,20729.06375824311
2020-02-21,East,Electronics,20213.334607539415
2020-02-22,South,Groceries,20569.12722624073
2020-02-23,South,Groceries,21465.43703551572
2020-02-24,West,Groceries,19483.25970796019
2020-02-25,West,Clothing,22435.591169850617
2020-02-26,North,Groceries,20705.427603265558
2020-02-27,North,Clothing,23469.765448073893
2020-02-28,West,Electronics,22235.601403788776
2020-02-29,South,Furniture,22912.93243128639
2020-03-01,South,Clothing,22338.755754388607
2020-03-02,North,Clothing,25032.068861308704
2020-03-03,North,Furniture,21821.869505959392
2020-03-04,North,Furniture,23011.155709122486
2020-03-05,East,Electronics,23928.92575947961
2020-03-06,East,Groceries,24935.17821450336
2020-03-07,North,Clothing,23183.911901208543
2020-03-08,South,Groceries,23127.12591676298
2020-03-09,North,Clothing,26319.819628957703
2020-03-10,East,Electronics,25374.992676536156
2020-03-11,South,Furniture,25194.644969382334
2020-03-12,East,Electronics,24110.77668856771
2020-03-13,South,Furniture,25200.388286256937
2020-03-14,East,Groceries,26342.480485472384
2020-03-15,South,Groceries,27666.054279717613
2020-03-16,South,Electronics,28660.110932460007
2020-03-17,South,Furniture,26931.651976472804
2020-03-18,South,Electronics,26205.679213036892
2020-03-19,West,Furniture,27464.194711002783
2020-03-20,East,Furniture,26327.20080571324
2020-03-21,East,Groceries,27803.700097787118
2020-03-22,West,Groceries,30922.695451765074
2020-03-23,South,Furniture,30710.189994617846
2020-03-24,South,Furniture,30167.187114117834
2020-03-25,East,Furniture,29257.690457074914
2020-03-26,West,Groceries,31747.7039274373
2020-03-27,South,Groceries,31213.231684258553
2020-03-28,South,Clothing,31118.278139531718
2020-03-29,South,Furniture,32912.847955891724
2020-03-30,North,Clothing,31885.946044187294
2020-03-31,West,Furniture,33266.57756092357
2020-04-01,South,Groceries,34085.74790557683
2020-04-02,North,Clothing,34650.46271778263
2020-04-03,West,Clothing,31373.727874398966
2020-04-04,South,Electronics,34229.549486445816
2020-04-05,East,Furniture,35693.93389592278
2020-04-06,North,Groceries,32666.887672506447
2020-04-07,North,Electronics,33339.417610129145
2020-04-08,South,Electronics,34681.53072344097
2020-04-09,South,Furniture,33288.23424415685
2020-04-10,North,Electronics,33998.535617290545
2020-04-11,East,Furniture,35271.44249727761
2020-04-12,East,Electronics,36516.96274398929
2020-04-13,West,Furniture,36889.104418639385
2020-04-14,South,Groceries,37462.87577958635
2020-04-15,East,Furniture,35964.28527803267
2020-04-16,West,Furniture,36744.34155362381
2020-04-17,East,Clothing,36848.05342994905
2020-04-18,South,Groceries,38505.42990994654
2020-04-19,West,Groceries,36925.48017121494
2020-04-20,West,Groceries,36834.21356123409
2020-04-21,West,Electronics,38369.639592497246
2020-04-22,East,Clothing,39795.76793755735
2020-04-23,South,Groceries,39885.60842399001
2020-04-24,West,Electronics,37846.17102927563
2020-04-25,North,Electronics,37908.465875603644
2020-04-26,South,Electronics,35237.50322460121
2020-04-27,North,Clothing,39611.293471989455
2020-04-28,North,Electronics,41544.84714216975
2020-04-29,West,Clothing,42184.174882743086
2020-04-30,West,Furniture,39650.28745896523
2020-05-01,East,Electronics,39438.19574814061
2020-05-02,East,Groceries,41857.910733957906
2020-05-03,East,Electronics,42067.44350077014
2020-05-04,South,Furniture,43608.805227822464
2020-05-05,East,Furniture,42527.007183430425
2020-05-06,North,Electronics,43246.06071911194
2020-05-07,East,Furniture,40642.97726367585
2020-05-08,West,Clothing,43465.768317270304
2020-05-09,East,Clothing,42164.44544539393
2020-05-10,South,Electronics,44674.02027287305
2020-05-11,South,Clothing,44693.50447780788
2020-05-12,North,Clothing,44850.90978549114
2020-05-13,South,Groceries,42461.247962301924
2020-05-14,East,Electronics,43746.530809578355
2020-05-15,West,Furniture,44019.77015747183
2020-05-16,South,Electronics,42577.977858786464
2020-05-17,North,Clothing,46292.16578280657
2020-05-18,East,Groceries,46653.34580911568
2020-05-19,North,Electronics,46846.5298214101
2020-05-20,South,Electronics,45919.72970131042
2020-05-21,South,Clothing,44806.957322174036
2020-05-22,North,Clothing,47631.22454291199
2020-05-23,East,Electronics,45566.54320181336
2020-05-24,South,Clothing,46463.92511038036
2020-05-25,West,Clothing,46899.3820471774
2020-05-26,South,Clothing,49540.925751697294
2020-05-27,East,Clothing,47287.56791824783
2020-05-28,South,Clothing,47164.320189861835
2020-05-29,North,Groceries,46916.194152234006
2020-05-30,South,Clothing,48543.20132768753
2020-05-31,South,Furniture,49947.35316917373
2020-06-01,East,Electronics,51041.661054307886
2020-06-02,North,Groceries,50881.136279444174
2020-06-03,East,Groceries,51200.79005379307
2020-06-04,South,Clothing,49082.633493584
2020-06-05,West,Electronics,50692.6776162765
2020-06-06,South,Furniture,49592.933334822774
2020-06-07,East,Clothing,53129.411451984655
2020-06-08,West,Electronics,52319.12265470803
2020-06-09,East,Clothing,52406.07750855745
2020-06-10,East,Clothing,51566.286452214095
2020-06-11,North,Clothing,51732.75979203969
2020-06-12,West,Clothing,50847.507696709385
2020-06-13,South,Clothing,51387.54019191636
2020-06-14,East,Clothing,54336.86715515084
2020-06-15,South,Clothing,53200.498310556286
2020-06-16,North,Furniture,53066.443223865506
2020-06-17,North,Groceries,53660.7112974192
2020-06-18,West,Furniture,53789.311765269595
2020-06-19,North,Clothing,55443.253688371755
2020-06-20,North,Clothing,55187.545949865016
2020-06-21,South,Furniture,55655.197250446974
2020-06-22,North,Furniture,56482.21610384258
2020-06-23,North,Groceries,56063.61083237049
2020-06-24,East,Furniture,56060.3895626092
2020-06-25,North,Groceries,54278.560221165004
2020-06-26,East,Clothing,56525.13053054421
2020-06-27,North,Electronics,57753.108005131515
2020-06-28,North,Electronics,55044.49994727686
2020-06-29,West,Electronics,56344.31344349268
2020-06-30,West,Electronics,58207.55536076351
2020-07-01,East,Clothing,57144.232342969946
2020-07-02,North,Electronics,58005.35080742884
2020-07-03,South,Furniture,57033.916941551346
2020-07-04,West,Furniture,58277.93669962085
2020-07-05,South,Electronics,58160.415799692164
2020-07-06,West,Furniture,59209.359720613844
2020-07-07,West,Groceries,60104.773699175
2020-07-08,North,Clothing,58304.66272737823
2020-07-09,West,Electronics,58267.03154983995
2020-07-10,South,Electronics,58081.88466131964
2020-07-11,West,Clothing,59601.2263043791
2020-07-12,East,Furniture,58961.06046717317
2020-07-13,North,Clothing,62230.39088137281
2020-07-14,North,Clothing,62214.221020221834
2020-07-15,East,Furniture,62915.55409672814
2020-07-16,East,Clothing,61760.393061990595
2020-07-17,East,Furniture,63119.740603662125
2020-07-18,West,Furniture,60563.59914455017
2020-07-19,North,Clothing,61877.97084135496
2020-07-20,East,Groceries,63585.85758354639
2020-07-21,West,Furniture,62866.26099238007
2020-07-22,East,Clothing,65806.18242005304
2020-07-23,South,Furniture,64797.62294899959
2020-07-24,South,Groceries,64933.58339132762
2020-07-25,North,Groceries,60663.06428839566
2020-07-26,West,Electronics,65661.065910531
2020-07-27,South,Furniture,64664.5882568889
2020-07-28,South,Furniture,63940.63105545302
2020-07-29,West,Clothing,64523.193763177114
2020-07-30,East,Furniture,67117.27556626777
2020-07-31,West,Electronics,65746.87538060824
2020-08-01,East,Groceries,65282.991852322986
2020-08-02,South,Groceries,67206.62335848273
2020-08-03,South,Electronics,68711.76800794959
2020-08-04,South,Furniture,67042.42364236197
2020-08-05,North,Furniture,68740.58783725843
2020-08-06,North,Electronics,69625.25790334036
2020-08-07,North,Clothing,69104.43088787238
2020-08-08,West,Groceries,73210.10357622006
2020-08-09,South,Electronics,67753.27249352391
2020-08-10,South,Electronics,71776.93390650896
2020-08-11,West,Furniture,68434.08382542894
2020-08-12,North,Groceries,69193.71800614393
2020-08-13,West,Furniture,68766.83195233053
2020-08-14,North,Electronics,69206.42091782336
2020-08-15,South,Clothing,69762.47990908669
2020-08-16,East,Groceries,71131.00368781488
2020-08-17,North,Electronics,70826.98677366022
2020-08-18,South,Electronics,71839.42344708687
2020-08-19,South,Clothing,71221.30775234941
2020-08-20,East,Electronics,73649.63350059434
2020-08-21,South,Electronics,71463.39427308289
2020-08-22,South,Groceries,74964.58342453375
2020-08-23,North,Groceries,74113.19408658358
2020-08-24,North,Groceries,75348.2191713638
2020-08-25,East,Furniture,73715.65137519166
2020-08-26,East,Clothing,75153.48318237369
2020-08-27,South,Groceries,73808.70686911952
2020-08-28,North,Furniture,75280.31450756418
2020-08-29,East,Furniture,74975.29796989656
2020-08-30,East,Clothing,76958.6489325921
2020-08-31,West,Clothing,74167.35888074718
2020-09-01,East,Electronics,75805.41911251354
2020-09-02,South,Furniture,77318.82074362968
2020-09-03,North,Groceries,76654.55471204747
2020-09-04,East,Clothing,75385.6117826513
2020-09-05,West,Furniture,78417.98255206733
2020-09-06,North,Groceries,78915.65745356042
2020-09-07,East,Furniture,78851.62676201599
2020-09-08,West,Clothing,80346.88059900458
2020-09-09,East,Electronics,77596.40893792601
2020-09-10,North,Furniture,81291.2016092309
2020-09-11,North,Groceries,79406.24830571654
2020-09-12,North,Clothing,78805.53858789438
2020-09-13,South,Electronics,81779.0618894266
2020-09-14,East,Groceries,82577.80752262853
2020-09-15,South,Groceries,80226.76468403438
2020-09-16,North,Groceries,82427.92246002324
2020-09-17,West,Furniture,82124.26983250248
2020-09-18,East,Clothing,84041.79568464542
2020-09-19,South,Groceries,83773.48880668062
2020-09-20,East,Furniture,83395.33790172935
2020-09-21,West,Clothing,84721.33159168866
2020-09-22,South,Clothing,82320.45842315657
2020-09-23,North,Furniture,84489.70687339647
2020-09-24,South,Furniture,83365.06535633776
2020-09-25,East,Groceries,82922.52222860938
2020-09-26,East,Clothing,84315.06579560316
2020-09-27,East,Electronics,85112.68431756397
2020-09-28,East,Furniture,87844.36601570317
2020-09-29,North,Clothing,85846.09907833261
2020-09-30,South,Clothing,86352.87166701567
2020-10-01,North,Groceries,86397.67192273217
2020-10-02,North,Electronics,86435.48797205409
2020-10-03,North,Groceries,87028.30793332876
2020-10-04,East,Electronics,87610.11992286633
2020-10-05,East,Electronics,87706.91206112829
2020-10-06,East,Furniture,89148.67247891387
2020-10-07,South,Clothing,89865.38932354098
2020-10-08,West,Clothing,89489.05076501863
2020-10-09,East,Clothing,90500.64500220756
2020-10-10,South,Electronics,92023.1602689656
2020-10-11,East,Clothing,91456.58484027522
2020-10-12,East,Furniture,89748.90703834922
2020-10-13,North,Electronics,91712.11523871224
2020-10-14,North,Electronics,90305.19787625411
2020-10-15,North,Electronics,93544.14345125262
2020-10-16,South,Electronics,93089.94053536205
2020-10-17,West,Furniture,90887.57777756457
2020-10-18,West,Clothing,92434.04391008138
2020-10-19,South,Furniture,90794.32775424053
2020-10-20,East,Clothing,92048.41822629828
2020-10-21,South,Furniture,93619.30434321107
2020-10-22,East,Groceries,93202.97522835502
2020-10-23,South,Groceries,93425.42011719003
2020-10-24,South,Groceries,94760.62836286554
2020-10-25,South,Groceries,95085.5894417649
2020-10-26,West,Electronics,94980.29295898566
2020-10-27,North,Electronics,93749.72865375289
2020-10-28,South,Furniture,94372.88640476241
2020-10-29,West,Furniture,96697.75623545166
2020-10-30,North,Groceries,94568.32831919505
2020-10-31,North,Clothing,95304.59298442125
2020-11-01,South,Groceries,95824.54071964977
2020-11-02,East,Furniture,94462.1621784441
2020-11-03,East,Groceries,94353.44818427897
2020-11-04,East,Furniture,97440.38973531911
2020-11-05,South,Groceries,99000.97800910706
2020-11-06,East,Clothing,98818.20436715745
2020-11-07,West,Groceries,99267.06035945566
2020-11-08,West,Clothing,99528.53772885822
2020-11-09,West,Clothing,99372.62841539273
2020-11-10,West,Furniture,96880.32456045519
2020-11-11,North,Clothing,98111.6185109025
2020-11-12,West,Electronics,101441.50282303778
2020-11-13,East,Electronics,101212.97026648684
2020-11-14,South,Electronics,100085.01382796341
2020-11-15,East,Furniture,98217.62671492138
2020-11-16,West,Electronics,99929.8023590921
2020-11-17,North,Furniture,102357.53441990477
2020-11-18,West,Furniture,101525.8167877885
2020-11-19,South,Electronics,100702.64358735376
2020-11-20,East,Clothing,103670.00918045218
2020-11-21,South,Groceries,101916.90816911255
2020-11-22,South,Furniture,101737.33539835193
2020-11-23,South,Electronics,102201.28595886016
2020-11-24,East,Furniture,104663.75518955631
2020-11-25,West,Clothing,103027.73868001615
2020-11-26,South,Clothing,106360.23227276879
2020-11-27,East,Electronics,106207.23206546177
2020-11-28,North,Furniture,107321.7344128932
2020-11-29,East,Groceries,106361.73592891012
2020-11-30,North,Groceries,105115.23348817175
2020-12-01,East,Furniture,107791.22422777714
2020-12-02,West,Furniture,107775.70554875597
2020-12-03,South,Furniture,106564.67511742206
2020-12-04,West,Electronics,106145.13086658859
2020-12-05,East,Clothing,106588.07099664466
2020-12-06,South,Groceries,108596.4939764924
2020-12-07,North,Electronics,107318.39854434438
2020-12-08,East,Furniture,108912.78370838058
2020-12-09,South,Furniture,107126.648747265
2020-12-10,North,Clothing,110475.99321052126
2020-12-11,North,Furniture,108220.81691876716
2020-12-12,West,Electronics,108432.11996380816
2020-12-13,East,Electronics,109386.90270858948
2020-12-14,North,Clothing,109994.16578700721
2020-12-15,South,Electronics,108752.91010357808
2020-12-16,North,Groceries,112532.13683296852
2020-12-17,North,Electronics,112974.84741938292
2020-12-18,West,Electronics,113344.04357581149
2020-12-19,West,Electronics,111393.72728313829
2020-12-20,South,Groceries,113722.90078910963
2020-12-21,West,Furniture,113372.56660716349
2020-12-22,North,Electronics,114323.72751512073
2020-12-23,North,Clothing,115149.38655373843
2020-12-24,West,Groceries,113927.5470251264
2020-12-25,North,Clothing,112546.21249102765
2020-12-26,North,Electronics,115182.38677096347
2020-12-27,South,Clothing,112670.07394024445
2020-12-28,West,Electronics,114427.27832784825
2020-12-29,North,Groceries,115942.0045141652
2020-12-30,West,Clothing,114252.257328613
2020-12-31,South,Clothing,114137.04184712186
2021-01-01,West,Electronics,114155.36338949105
2021-01-02,North,Electronics,116092.22751661864
2021-01-03,West,Furniture,115919.6400276056
2021-01-04,North,Electronics,114960.60695673585
2021-01-05,North,Electronics,116905.13457033389
2021-01-06,North,Furniture,115561.22936350152
2021-01-07,South,Electronics,114713.8980567355
2021-01-08,West,Electronics,115787.14759242776
2021-01-09,South,Furniture,117241.98513125008
2021-01-10,West,Groceries,116216.41804842517
2021-01-11,South,Groceries,119876.45392988589
2021-01-12,East,Electronics,118230.10056832485
2021-01-13,North,Electronics,116562.36595913631
2021-01-14,North,Furniture,119456.25829625246
2021-01-15,South,Furniture,118335.7859678764
2021-01-16,East,Groceries,119146.95755211392
2021-01-17,North,Clothing,118660.78181250633
2021-01-18,West,Electronics,120282.26769346683
2021-01-19,South,Clothing,121193.42431562259
2021-01-20,North,Clothing,119258.26097106507
2021-01-21,North,Furniture,120563.78711851122
2021-01-22,South,Electronics,121466.01237837762
2021-01-23,South,Electronics,122093.94652777063
2021-01-24,West,Furniture,123234.59949539493
2021-01-25,West,Clothing,120609.98135638292
2021-01-26,North,Furniture,122356.10232704817
2021-01-27,North,Groceries,122668.9727595651
2021-01-28,South,Electronics,124242.603136578
2021-01-29,North,Groceries,121044.00406574212
2021-01-30,North,Furniture,123439.18627419964
2021-01-31,South,Electronics,124258.1606029934
2021-02-01,North,Groceries,125101.9380014214
2021-02-02,North,Groceries,120955.52952133474
2021-02-03,East,Clothing,124033.9463113824
2021-02-04,West,Electronics,122719.19961120542
2021-02-05,South,Groceries,125946.30074558375
2021-02-06,East,Groceries,127231.26111853882
2021-02-07,West,Clothing,126126.09220739476
2021-02-08,West,Groceries,123935.80555680151
2021-02-09,West,Groceries,127678.41277272283
2021-02-10,East,Groceries,125064.9255163924
2021-02-11,East,Clothing,128955.35549824113
2021-02-12,West,Groceries,126451.71447179884
2021-02-13,North,Groceries,128188.01422757356
2021-02-14,North,Electronics,126855.26658691146
2021-02-15,East,Electronics,128800.48339584081
2021-02-16,East,Clothing,128746.67651890307
2021-02-17,East,Furniture,127748.85783297433
2021-02-18,West,Electronics,130773.03922108028
2021-02-19,North,Clothing,129389.23256620807
2021-02-20,East,Groceries,128874.44974511815
2021-02-21,East,Groceries,129668.70262215928
2021-02-22,South,Clothing,128352.00304309015
2021-02-23,West,Groceries,131684.36282891055
2021-02-24,South,Groceries,129259.79376970553
2021-02-25,North,Furniture,132578.3076185055
2021-02-26,South,Groceries,130557.91608516587
2021-02-27,South,Electronics,133052.63083026902
2021-02-28,South,Groceries,132410.46345905183
2021-03-01,West,Clothing,131997.42551536235
2021-03-02,North,Furniture,134125.5284756481
2021-03-03,South,Groceries,133131.78374297963
2021-03-04,West,Clothing,134341.2026411123
2021-03-05,North,Electronics,132414.79640858935
2021-03-06,East,Groceries,132108.57619288928
2021-03-07,South,Furniture,132371.55304462078
2021-03-08,North,Groceries,135122.737911768
2021-03-09,South,Clothing,135371.14163398923
2021-03-10,East,Furniture,135724.77493697216
2021-03-11,North,Groceries,133871.64842684832
2021-03-12,West,Electronics,135606.77258466982
2021-03-13,North,Furniture,136606.15776095135
2021-03-14,West,Electronics,136999.81417028003
2021-03-15,North,Clothing,134777.75188599597
2021-03-16,West,Groceries,135774.98083494662
2021-03-17,East,Electronics,136677.51079231725
2021-03-18,East,Clothing,138604.35137654038
2021-03-19,East,Groceries,138335.512044287
2021-03-20,North,Clothing,138257.0020855418
2021-03-21,East,Electronics,137635.83061876547
2021-03-22,South,Clothing,139822.00658614608
2021-03-23,East,Furniture,136853.53874894237
2021-03-24,West,Groceries,140321.43568292132
2021-03-25,West,Clothing,137455.70577389214
2021-03-26,West,Electronics,139967.35721333945
2021-03-27,North,Groceries,140816.39799415728
2021-03-28,South,Furniture,138407.83590648687
2021-03-29,East,Groceries,139463.67853365984
2021-03-30,South,Furniture,140119.93324824906
2021-03-31,South,Groceries,142150.60720822937
2021-04-01,West,Clothing,139667.70735325
2021-04-02,West,Clothing,139042.2404010207
2021-04-03,West,Electronics,141396.21284381335
2021-04-04,North,Furniture,143184.63094508118
2021-04-05,South,Electronics,140225.5007361969
2021-04-06,South,Clothing,140526.82801331196
2021-04-07,North,Furniture,141621.61833433795
2021-04-08,North,Electronics,143411.8770160525
2021-04-09,North,Electronics,144384.6091313303
2021-04-10,South,Electronics,142212.81950650158
2021-04-11,South,Electronics,143758.51271883858
2021-04-12,West,Electronics,143151.69309417193
2021-04-13,West,Furniture,143998.36470463802
2021-04-14,South,Electronics,144042.5313665583
2021-04-15,West,Furniture,146060.19663845206
2021-04-16,North,Electronics,145987.363819183
2021-04-17,East,Clothing,147342.03594624167
2021-04-18,West,Clothing,145483.21579416338
2021-04-19,South,Electronics,146959.90587308354
2021-04-20,West,Groceries,147145.10842743042
2021-04-21,West,Clothing,148684.82543475626
2021-04-22,West,Furniture,149023.05860470756
2021-04-23,East,Electronics,150782.8093781347
2021-04-24,North,Furniture,147432.07892634167
2021-04-25,South,Groceries,148233.868150476
2021-04-26,East,Electronics,149084.17768105958
2021-04-27,South,Clothing,148306.00787766027
2021-04-28,South,Furniture,149491.35882870463
2021-04-29,South,Clothing,147650.2303514319
2021-04-30,East,Clothing,150620.62199198917
2021-05-01,North,Electronics,150310.53302566777
2021-05-02,South,Furniture,151338.96245728052
2021-05-03,North,Groceries,151706.90902168016
2021-05-04,North,Clothing,151411.37118441812
2021-05-05,West,Electronics,150885.3471425436
2021-05-06,East,Electronics,150195.83482554232
2021-05-07,East,Groceries,150958.8318964151
2021-05-08,West,Electronics,151681.33575289452
2021-05-09,West,Clothing,153665.34352880032
2021-05-10,North,Electronics,152099.85209553185
2021-05-11,South,Furniture,153831.85806369738
2021-05-12,East,Furniture,154297.35778487904
2021-05-13,South,Clothing,151414.34735353303
2021-05-14,South,Furniture,156845.82260902313
2021-05-15,West,Groceries,153519.7791377876
2021-05-16,South,Electronics,152863.2122756376
2021-05-17,North,Clothing,154946.11711018597
2021-05-18,West,Groceries,153398.48848340544
2021-05-19,South,Electronics,154575.32099431477
2021-05-20,West,Groceries,156796.60900179137
2021-05-21,North,Clothing,151327.3466275088
2021-05-22,North,Clothing,154931.52775899827
2021-05-23,South,Groceries,154641.14605283138
2021-05-24,West,Electronics,158206.1949379238
2021-05-25,South,Furniture,155712.6676189571
2021-05-26,South,Furniture,155392.5570799175
2021-05-27,West,Groceries,158374.85608774947
2021-05-28,South,Clothing,156641.55719612254
2021-05-29,North,Electronics,157834.65274930885
2021-05-30,West,Electronics,158392.13488617007
2021-05-31,West,Clothing,159956.99554425114
2021-06-01,West,Furniture,160224.2264639788
2021-06-02,West,Electronics,158983.8191929629
2021-06-03,South,Groceries,161143.76509039802
2021-06-04,South,Furniture,158260.05533156326
2021-06-05,North,Groceries,161599.68091241777
2021-06-06,East,Furniture,162838.63265428966
2021-06-07,East,Clothing,162153.90120865594
2021-06-08,North,Groceries,160240.47706201085
2021-06-09,East,Groceries,163297.35054081996
2021-06-10,North,Clothing,160144.51181655788
2021-06-11,South,Groceries,160810.95091082653
2021-06-12,West,Furniture,162316.65770055147
2021-06-13,West,Electronics,164776.62192325352
2021-06-14,South,Electronics,164024.83318239308
2021-06-15,West,Clothing,164435.2809527842
2021-06-16,West,Furniture,162023.95458607576
2021-06-17,East,Groceries,165317.84331629652
2021-06-18,South,Groceries,166096.9362654617
2021-06-19,East,Electronics,166247.22244923777
2021-06-20,East,Groceries,165081.6907826626
2021-06-21,West,Electronics,165615.3300859181
2021-06-22,West,Clothing,167968.1290901522
2021-06-23,South,Groceries,164765.07644334706
2021-06-24,West,Furniture,166328.16071623104
2021-06-25,West,Groceries,166970.37040823026
2021-06-26,South,Electronics,166155.69395345778
2021-06-27,West,Clothing,168110.1197267367
2021-06-28,East,Electronics,168804.63604965393
2021-06-29,South,Groceries,167385.23119664183
2021-06-30,West,Electronics,166637.89340108456
2021-07-01,North,Electronics,167026.61086144543
2021-07-02,South,Clothing,169106.3717474129
2021-07-03,South,Furniture,170561.164206061
2021-07-04,North,Groceries,169319.97636802215
2021-07-05,West,Clothing,170851.79635366803
2021-07-06,West,Furniture,169751.61227929613
2021-07-07,South,Electronics,169441.41226331817
2021-07-08,South,Furniture,172150.18443244763
2021-07-09,West,Electronics,173528.9169278828
2021-07-10,West,Electronics,173252.59791148244
2021-07-11,East,Clothing,173338.2155719305
2021-07-12,South,Electronics,172922.75813088697
2021-07-13,South,Clothing,174212.2138491217
2021-07-14,North,Furniture,172533.57103262746
2021-07-15,East,Furniture,173550.8180387099
2021-07-16,West,Electronics,175506.94328205046
2021-07-17,East,Clothing,175033.93524073958
2021-07-18,West,Electronics,176256.78246227684
2021-07-19,West,Clothing,176208.47356953492
2021-07-20,East,Clothing,176448.99726668437
2021-07-21,South,Clothing,174535.3423450759
2021-07-22,West,Furniture,174513.49768907754
2021-07-23,East,Clothing,177644.45228186314
2021-07-24,North,Furniture,176229.1952111494
2021-07-25,East,Clothing,178084.71567487865
2021-07-26,North,Furniture,177241.002986844
2021-07-27,West,Groceries,178850.04658225438
2021-07-28,East,Furniture,180009.8360232362
2021-07-29,East,Furniture,176626.3610042689
2021-07-30,North,Electronics,180331.61135755182
2021-07-31,East,Clothing,177076.57705829892
2021-08-01,East,Groceries,181164.24822995948
2021-08-02,West,Electronics,178189.61514936129
2021-08-03,East,Clothing,175873.6682517741
2021-08-04,South,Groceries,181841.39813589054
2021-08-05,North,Groceries,180125.79556872195
2021-08-06,East,Groceries,181711.8514904065
2021-08-07,North,Clothing,180747.55701892718
2021-08-08,North,Groceries,181896.90345473733
2021-08-09,North,Groceries,180102.88228529072
2021-08-10,East,Electronics,182861.48518947483
2021-08-11,East,Furniture,182254.70404194394
2021-08-12,North,Clothing,180601.53091735058
2021-08-13,South,Furniture,181301.95809447265
2021-08-14,North,Electronics,184579.9780602344
2021-08-15,South,Furniture,182851.58351361885
2021-08-16,North,Groceries,184839.76736946983
2021-08-17,West,Groceries,184919.52276218176
2021-08-18,North,Clothing,185244.8430492749
2021-08-19,North,Clothing,186436.72181485442
2021-08-20,East,Clothing,185221.15287295164
2021-08-21,South,Electronics,187556.1302707454
2021-08-22,West,Clothing,186257.64829166193
2021-08-23,South,Electronics,187337.70145835198
2021-08-24,West,Groceries,187049.2845355431
2021-08-25,North,Furniture,185502.3925327659
2021-08-26,East,Groceries,187550.02070695302
2021-08-27,East,Groceries,189229.164564909
2021-08-28,South,Groceries,186364.81986565024
2021-08-29,East,Clothing,187281.98262261343
2021-08-30,South,Clothing,188098.64910573166
2021-08-31,South,Clothing,187600.81584337688
2021-09-01,West,Furniture,188481.4796241678
2021-09-02,South,Clothing,192738.6374986421
2021-09-03,West,Electronics,188381.28678079267
2021-09-04,East,Groceries,189911.425049466
2021-09-05,South,Furniture,192077.05014962333
2021-09-06,South,Furniture,189680.1601934628
2021-09-07,North,Furniture,189168.7535614025
2021-09-08,South,Furniture,190759.8289029239
2021-09-09,South,Furniture,190960.38513727518
2021-09-10,North,Electronics,190439.421454034
2021-09-11,North,Groceries,193976.93731352952
2021-09-12,East,Furniture,191476.93244712354
2021-09-13,South,Groceries,193371.40685735026
2021-09-14,East,Clothing,194527.36081791506
2021-09-15,East,Furniture,192214.7948735519
2021-09-16,North,Furniture,195120.7098397397
2021-09-17,West,Groceries,193201.10680227762
2021-09-18,East,Furniture,196038.98711671968
2021-09-19,West,Furniture,194775.3524076688
2021-09-20,South,Furniture,194813.2045679308
2021-09-21,North,Electronics,195240.54575752863
2021-09-22,South,Electronics,196824.37840257763
2021-09-23,South,Furniture,196309.70519402204
2021-09-24,North,Electronics,195901.52908623373
2021-09-25,South,Clothing,196298.85329547361
2021-09-26,North,Furniture,196012.68129821675
2021-09-27,West,Clothing,198800.01682934203
2021-09-28,South,Groceries,196801.8638801871
2021-09-29,North,Clothing,196544.2266964699
2021-09-30,East,Groceries,196677.1097760777
2021-10-01,South,Furniture,197431.5178667247
2021-10-02,West,Groceries,200545.45596347965
2021-10-03,North,Groceries,201465.92930616465
2021-10-04,South,Clothing,200995.94337662647
2021-10-05,South,Clothing,199556.50389588182
2021-10-06,South,Clothing,202230.616821138
2021-10-07,West,Furniture,202417.28834269085
2021-10-08,North,Furniture,200705.52488070083
2021-10-09,East,Clothing,200014.33308184988
2021-10-10,East,Furniture,201527.71981587994
2021-10-11,East,Furniture,202242.69217201567
2021-10-12,North,Groceries,202420.25745527243
2021-10-13,East,Groceries,202179.42318265236
2021-10-14,West,Clothing,202309.1970792297
2021-10-15,North,Furniture,203463.5870741279
2021-10-16,South,Groceries,202108.60129639055
2021-10-17,West,Electronics,203330.24807074803
2021-10-18,South,Furniture,203072.5359132823
2021-10-19,East,Electronics,203657.47352699225
2021-10-20,West,Clothing,204462.0697972613
2021-10-21,North,Furniture,205747.33378723048
2021-10-22,West,Clothing,202784.27473307855
2021-10-23,South,Clothing,203776.90203921232
2021-10-24,North,Clothing,203257.2252733691
2021-10-25,West,Clothing,204784.2541616344
2021-10-26,West,Clothing,207399.99858337667
2021-10-27,West,Furniture,206275.4685661029
2021-10-28,West,Electronics,206434.67428023653
2021-10-29,North,Furniture,205037.62603382103
2021-10-30,South,Furniture,208046.33426715207
2021-10-31,West,Furniture,207244.80954734053
2021-11-01,North,Groceries,207565.0625628097
2021-11-02,South,Groceries,208718.1041177291
2021-11-03,West,Furniture,209157.94512638802
2021-11-04,South,Electronics,207423.59660751213
2021-11-05,South,Furniture,207177.06967852503
2021-11-06,North,Clothing,206876.37554975896
2021-11-07,South,Groceries,208335.52551861687
2021-11-08,North,Groceries,209777.53096368923
2021-11-09,West,Furniture,209313.40333882847
2021-11-10,South,Furniture,209261.15416718434
2021-11-11,South,Electronics,207763.79503520313
2021-11-12,East,Electronics,210144.3375865939
2021-11-13,West,Clothing,210993.7935162649
2021-11-14,West,Furniture,211715.17456423346
2021-11-15,East,Furniture,210751.4925095121
2021-11-16,East,Furniture,210598.75916397473
2021-11-17,North,Groceries,209191.98636620527
2021-11-18,North,Clothing,210088.18597533277
2021-11-19,South,Electronics,209998.36986485566
2021-11-20,South,Groceries,210520.54991645843
2021-11-21,South,Groceries,213501.73801382427
2021-11-22,South,Groceries,211248.94603644637
2021-11-23,North,Groceries,211829.18585344177
2021-11-24,West,Clothing,213780.46931737027
2021-11-25,South,Furniture,212408.80825806217
2021-11-26,West,Electronics,213793.21447645774
2021-11-27,South,Electronics,214536.69973846187
2021-11-28,East,Groceries,214324.27576881676
2021-11-29,South,Groceries,213155.95424499628
2021-11-30,South,Clothing,213860.74679112466
2021-12-01,South,Groceries,217341.66497192334
2021-12-02,North,Electronics,216201.72028668836
2021-12-03,East,Electronics,215654.9241633021
2021-12-04,South,Furniture,214892.28795228206
2021-12-05,South,Furniture,216030.82292087006
2021-12-06,West,Electronics,215183.54024716464
2021-12-07,East,Electronics,218599.45101430002
2021-12-08,South,Clothing,215608.56620467443
2021-12-09,West,Clothing,215977.896694231
2021-12-10,West,Electronics,218853.45324679388
2021-12-11,North,Groceries,217622.24650846308
2021-12-12,West,Furniture,224863.28700207025
2021-12-13,South,Electronics,217655.5851216989
2021-12-14,North,Groceries,218372.15112727167
2021-12-15,North,Electronics,220313.9951392072
2021-12-16,South,Furniture,219885.12713314997
2021-12-17,East,Furniture,219793.5569347754
2021-12-18,West,Clothing,220408.294214673
2021-12-19,North,Clothing,220719.34848331028
2021-12-20,East,Clothing,221376.7290860803
2021-12-21,South,Clothing,219080.44519843473
2021-12-22,West,Furniture,221488.5058211057
2021-12-23,West,Groceries,219716.91977541876
2021-12-24,North,Groceries,223286.69569869898
2021-12-25,West,Groceries,220687.84203977292
2021-12-26,West,Electronics,220937.36705456895
2021-12-27,West,Clothing,222831.27880181788
2021-12-28,West,Clothing,223984.5851388563
2021-12-29,South,Furniture,226612.2937175347
2021-12-30,East,Furniture,224917.41198023292
2021-12-31,South,Electronics,223620.9471559843
2022-01-01,South,Electronics,223067.9062567111
2022-01-02,North,Groceries,225418.29607357312
2022-01-03,West,Furniture,222814.12317343094
2022-01-04,South,Clothing,226637.3938954264
2022-01-05,West,Groceries,225481.11434768117
2022-01-06,South,Clothing,224291.2904041162
2022-01-07,South,Groceries,227149.9277013926
2022-01-08,North,Clothing,224850.03163597634
2022-01-09,East,Electronics,225212.60736132812
2022-01-10,East,Groceries,227557.6597852194
2022-01-11,South,Clothing,225801.19356717702
2022-01-12,North,Clothing,228037.21311605631
2022-01-13,West,Furniture,227622.7225877454
2022-01-14,West,Groceries,228506.72588300097
2022-01-15,South,Clothing,225918.22664541673
2022-01-16,East,Furniture,230222.22825952622
2022-01-17,North,Clothing,229348.7338490402
2022-01-18,East,Groceries,230508.74627521986
2022-01-19,West,Electronics,227533.26813538687
2022-01-20,East,Groceries,230390.30176157082
2022-01-21,West,Groceries,229809.84921929482
2022-01-22,North,Clothing,230393.91230649973
2022-01-23,North,Clothing,229560.49255260796
2022-01-24,South,Groceries,231349.59121772708
2022-01-25,South,Furniture,230968.20929199344
2022-01-26,East,Furniture,231034.3474950567
2022-01-27,North,Furniture,231371.00627570497
2022-01-28,North,Clothing,230625.18581163115
2022-01-29,South,Clothing,230895.88600934035
2022-01-30,West,Groceries,233579.10650419866
2022-01-31,East,Electronics,234357.84666062292
2022-02-01,East,Clothing,230977.10557241185
2022-02-02,South,Groceries,233204.88206321778
2022-02-03,North,Groceries,235021.1746871594
2022-02-04,South,Electronics,235523.98172957468
2022-02-05,South,Furniture,235531.30120791376
2022-02-06,South,Groceries,232672.13087277132
2022-02-07,South,Groceries,236109.46820905816
2022-02-08,West,Groceries,240687.31043731078
2022-02-09,West,Furniture,236347.6545151389
2022-02-10,North,Furniture,235061.49713880976
2022-02-11,South,Electronics,238866.8347449686
2022-02-12,West,Clothing,236507.66351249433
2022-02-13,North,Furniture,234562.97936448935
2022-02-14,South,Clothing,238564.77797040265
2022-02-15,East,Clothing,236918.054748285
2022-02-16,West,Furniture,235586.8048671751
2022-02-17,North,Groceries,238831.02324961513
2022-02-18,East,Electronics,237527.70457429517
2022-02-19,South,Clothing,236618.84327882406
2022-02-20,South,Groceries,236932.43356262628
2022-02-21,South,Furniture,238276.46938996244
2022-02-22,West,Clothing,238613.94449307263
2022-02-23,North,Clothing,239892.85237544027
2022-02-24,East,Clothing,240299.18631517532
2022-02-25,North,Groceries,238776.9393685147
2022-02-26,West,Groceries,241972.10437343834
2022-02-27,North,Groceries,241383.67395339892
2022-02-28,West,Clothing,240548.64052116312
2022-03-01,South,Clothing,240347.99628276288
2022-03-02,East,Electronics,242390.7332415541
2022-03-03,South,Electronics,242155.84320238102
2022-03-04,North,Groceries,243969.31777584387
2022-03-05,South,Groceries,243515.14838266774
2022-03-06,East,Furniture,242649.32625817024
2022-03-07,South,Groceries,243858.84245682595
2022-03-08,East,Electronics,243728.6878569247
2022-03-09,East,Electronics,245971.8531653219
2022-03-10,South,Electronics,243505.32892227793
2022-03-11,West,Clothing,245336.10550638448
2022-03-12,North,Clothing,246704.1731395749
2022-03-13,West,Groceries,247004.5218922163
2022-03-14,West,Furniture,245107.1416882803
2022-03-15,South,Furniture,247923.02231059052
2022-03-16,North,Furniture,248401.15340614293
2022-03-17,North,Clothing,245217.52449149752
2022-03-18,West,Electronics,246165.12495823746
2022-03-19,South,Electronics,248081.94407849366
2022-03-20,North,Clothing,249116.97101053136
2022-03-21,West,Furniture,248801.19480439596
2022-03-22,North,Furniture,249621.6044076154
2022-03-23,South,Groceries,248053.18867095592
2022-03-24,South,Groceries,251158.93635422786
2022-03-25,South,Furniture,249757.83613213935
2022-03-26,North,Clothing,251681.87660019382
2022-03-27,East,Furniture,251331.04628062923
2022-03-28,North,Groceries,250287.33362839502
2022-03-29,East,Furniture,250534.72703716432
2022-03-30,South,Clothing,251617.21484537824
2022-03-31,West,Electronics,250049.78534231838
2022-04-01,East,Clothing,250338.4267742056
2022-04-02,South,Clothing,250398.12735032075
2022-04-03,South,Groceries,250941.87524914482
2022-04-04,East,Clothing,253821.6586245151
2022-04-05,West,Clothing,251856.46561179418
2022-04-06,South,Groceries,253669.28433404845
2022-04-07,East,Groceries,254209.10290823338
2022-04-08,West,Electronics,255934.9094513814
2022-04-09,West,Furniture,253125.69208679022
2022-04-10,South,Clothing,254680.43895020784
2022-04-11,North,Groceries,254514.1381960107
2022-04-12,North,Electronics,254038.77800337254
2022-04-13,South,Furniture,255897.34658242026
2022-04-14,West,Groceries,254455.83218037337
2022-04-15,South,Furniture,255879.2230876646
2022-04-16,East,Furniture,256492.50764403763
2022-04-17,North,Clothing,256855.6742446193
2022-04-18,East,Clothing,258734.71134596292
2022-04-19,South,Groceries,256388.60747205958
2022-04-20,South,Furniture,258817.35122031457
2022-04-21,West,Groceries,258886.9312674851
2022-04-22,West,Groceries,257605.33637557723
2022-04-23,West,Furniture,257032.55539769796
2022-04-24,East,Groceries,257499.5772838602
2022-04-25,West,Furniture,257975.39108673707
2022-04-26,South,Furniture,259704.98596736282
2022-04-27,West,Furniture,258478.35120077743
2022-04-28,North,Furniture,261289.47618161148
2022-04-29,West,Electronics,265415.35042960924
2022-04-30,East,Furniture,260153.96359508624
2022-05-01,North,Clothing,259189.30546431892
2022-05-02,North,Clothing,260929.36596486362
2022-05-03,North,Clothing,260421.13517080172
2022-05-04,East,Furniture,262170.60330790887
2022-05-05,South,Clothing,263416.76075874484
2022-05-06,West,Electronics,264252.5980676619
2022-05-07,North,Groceries,263745.1059457291
2022-05-08,North,Furniture,263874.2752755692
2022-05-09,North,Clothing,263754.09711610695
2022-05-10,South,Electronics,263865.5627072252
2022-05-11,South,Groceries,265788.66347432666
2022-05-12,East,Electronics,266131.3910327992
2022-05-13,South,Clothing,266647.7371923824
2022-05-14,West,Electronics,264243.69396143244
2022-05-15,East,Groceries,266039.2535510841
2022-05-16,East,Clothing,267156.4083793066
2022-05-17,West,Groceries,268663.15107485215
2022-05-18,West,Electronics,267354.4744810946
2022-05-19,West,Furniture,266930.37165975635
2022-05-20,East,Furniture,266794.8358945214
2022-05-21,East,Furniture,269465.86069453286
2022-05-22,East,Furniture,266104.43979777343
2022-05-23,West,Groceries,268972.56717432616
2022-05-24,West,Furniture,267543.2370295146
2022-05-25,North,Groceries,268423.4438069205
2022-05-26,South,Clothing,270572.1821912772
2022-05-27,North,Furniture,271389.44711123797
2022-05-28,West,Groceries,270430.2337420164
2022-05-29,East,Furniture,272095.5375078996
2022-05-30,West,Furniture,272138.3540846304
2022-05-31,South,Furniture,272230.67940165964
2022-06-01,North,Groceries,273645.509644266
2022-06-02,North,Electronics,272217.8412555421
2022-06-03,East,Furniture,270862.67093824747
2022-06-04,North,Furniture,274431.99565652484
2022-06-05,North,Clothing,273419.8126374818
2022-06-06,West,Electronics,272131.1193726342
2022-06-07,North,Groceries,272355.91361921304
2022-06-08,North,Clothing,274130.1934013319
2022-06-09,North,Furniture,273788.95701101626
2022-06-10,East,Clothing,274514.2030090928
2022-06-11,East,Clothing,272904.9302259387
2022-06-12,West,Furniture,273735.1377620911
2022-06-13,North,Electronics,274036.8249887153
2022-06-14,East,Electronics,273892.99154793203
2022-06-15,East,Clothing,275455.6373530042
2022-06-16,West,Furniture,277039.7625883819
2022-06-17,South,Groceries,277803.36770960625
2022-06-18,North,Clothing,278930.45344307227
2022-06-19,East,Groceries,279045.02078565065
2022-06-20,West,Clothing,279088.0710041685
2022-06-21,West,Clothing,276468.6056347497
2022-06-22,West,Furniture,278587.6264820151
2022-06-23,East,Furniture,276432.13561814243
2022-06-24,North,Groceries,277011.13538178743
2022-06-25,South,Groceries,279168.62837686593
2022-06-26,North,Electronics,277300.6174711978
2022-06-27,West,Furniture,281115.1057950135
2022-06-28,West,Clothing,281363.0967393241
2022-06-29,South,Clothing,279511.5939541552
2022-06-30,North,Electronics,279697.6013466464
2022-07-01,West,Furniture,278628.1230790162
2022-07-02,West,Clothing,280034.1635663951
2022-07-03,North,Electronics,279611.72747452575
2022-07-04,West,Electronics,281939.81971733365
2022-07-05,North,Clothing,283857.4454543681
2022-07-06,West,Clothing,282667.6100881151
2022-07-07,North,Groceries,282399.31926118425
2022-07-08,South,Furniture,282498.5788533702
2022-07-09,West,Groceries,284340.39497859066
2022-07-10,South,Electronics,282381.7739817025
2022-07-11,West,Clothing,282936.72243519773
2022-07-12,West,Groceries,284168.24713578075
2022-07-13,East,Electronics,285018.3551008289
2022-07-14,North,Furniture,283254.053564738
2022-07-15,South,Clothing,285931.3499751554
2022-07-16,South,Groceries,284701.25198910077
2022-07-17,South,Furniture,285721.7674689796
2022-07-18,North,Groceries,286190.9044784879
2022-07-19,East,Electronics,287678.6712784137
2022-07-20,South,Furniture,285678.07632233447
2022-07-21,North,Groceries,287932.1282522156
2022-07-22,West,Furniture,288119.8358939094
2022-07-23,South,Electronics,286127.2082525591
2022-07-24,South,Furniture,287427.25450790976
2022-07-25,East,Groceries,286002.98400952725
2022-07-26,South,Electronics,289001.40627192974
2022-07-27,South,Clothing,289877.5309696329
2022-07-28,West,Groceries,289886.36793211167
2022-07-29,North,Groceries,288619.9271386816
2022-07-30,North,Electronics,288655.218713302
2022-07-31,East,Electronics,288131.2529193039
2022-08-01,West,Clothing,287786.04015404504
2022-08-02,North,Groceries,287844.59094349574
2022-08-03,West,Electronics,289431.9159367571
2022-08-04,North,Clothing,290840.02590051567
2022-08-05,West,Clothing,289466.9317134362
2022-08-06,East,Electronics,289586.644360497
2022-08-07,South,Groceries,290345.17492726905
2022-08-08,East,Furniture,289722.5345941431
2022-08-09,North,Furniture,293112.73463050753
2022-08-10,East,Clothing,292861.7863888799
2022-08-11,South,Furniture,292017.70129899436
2022-08-12,East,Furniture,292869.4908618504
2022-08-13,North,Electronics,291532.16664372286
2022-08-14,North,Clothing,294203.7402701392
2022-08-15,East,Groceries,293012.223419825
2022-08-16,South,Clothing,293124.6278186226
2022-08-17,East,Electronics,292995.9652333844
2022-08-18,South,Furniture,292288.2474658454
2022-08-19,West,Groceries,294640.486346477
2022-08-20,South,Clothing,294900.6937283268
2022-08-21,West,Furniture,294177.8814808455
2022-08-22,East,Clothing,293423.0614837058
2022-08-23,South,Groceries,294136.24562061636
2022-08-24,West,Clothing,295351.4457731328
2022-08-25,West,Clothing,295972.67381447053
2022-08-26,West,Clothing,296069.9416033217
2022-08-27,North,Furniture,296035.26097767946
2022-08-28,East,Groceries,296659.6437486735
2022-08-29,West,Groceries,294607.10169441905
2022-08-30,South,Furniture,297286.6465538836
2022-08-31,West,Furniture,297960.2900207734
2022-09-01,North,Furniture,297266.0437374442
2022-09-02,East,Electronics,297297.9192888381
2022-09-03,North,Clothing,296428.9281964508
2022-09-04,North,Clothing,297153.08191233163
2022-09-05,North,Groceries,299141.3918131197
2022-09-06,South,Clothing,299453.8691941196
2022-09-07,East,Electronics,299857.525263419
2022-09-08,East,Furniture,299943.37113605236
2022-09-09,South,Groceries,299718.4178282122
2022-09-10,East,Groceries,301159.67625151266
2022-09-11,North,Clothing,299220.15720730706
2022-09-12,East,Groceries,301638.871381063
2022-09-13,South,Furniture,299296.82933679793
2022-09-14,North,Groceries,299462.04151157767
2022-09-15,South,Furniture,302346.5182100812
2022-09-16,West,Electronics,301924.2695992348
2022-09-17,North,Electronics,300084.3057029169
2022-09-18,North,Furniture,300100.6363967387
2022-09-19,East,Clothing,301902.27140290086
2022-09-20,North,Groceries,303772.22028513096
2022-09-21,South,Clothing,301857.4924437027
2022-09-22,East,Groceries,301917.09711054113
2022-09-23,West,Electronics,302258.04334441456
2022-09-24,South,Electronics,303241.3400262176
2022-09-25,West,Electronics,304169.99585434573
2022-09-26,West,Groceries,307802.0193401663
2022-09-27,West,Electronics,302126.4188035855
2022-09-28,North,Electronics,305411.2023687162
2022-09-29,South,Electronics,304137.37795964675
2022-09-30,South,Electronics,306479.953296315
2022-10-01,North,Clothing,304474.93589048757
2022-10-02,East,Electronics,303975.3330418483
2022-10-03,West,Electronics,305389.151834197
2022-10-04,South,Clothing,304622.3991317601
2022-10-05,North,Clothing,306316.08157561644
2022-10-06,West,Groceries,306345.20558023854
2022-10-07,East,Furniture,306281.77733015263
2022-10-08,East,Electronics,307485.8027767175
2022-10-09,West,Electronics,306405.2876350257
2022-10-10,East,Electronics,304954.2373809271
2022-10-11,South,Groceries,306330.65724817745
2022-10-12,South,Electronics,306347.5522257127
2022-10-13,South,Furniture,308821.9270550511
2022-10-14,East,Clothing,313250.78622782405
2022-10-15,South,Groceries,309358.13398343686
2022-10-16,North,Clothing,309000.9743068612
2022-10-17,South,Electronics,309254.3109265598
2022-10-18,South,Electronics,310187.1473125449
2022-10-19,East,Electronics,307547.4866745713
2022-10-20,South,Furniture,310813.3319604644
2022-10-21,West,Furniture,311384.6858545858
2022-10-22,North,Groceries,311861.5507764347
2022-10-23,East,Clothing,308715.92887938855
2022-10-24,North,Electronics,311304.822049581
2022-10-25,West,Electronics,309776.23190492037
2022-10-26,East,Electronics,311443.15979424655
2022-10-27,East,Electronics,311946.60679662885
2022-10-28,South,Furniture,313236.5737208042
2022-10-29,North,Clothing,317471.0611047555
2022-10-30,West,Clothing,312660.06921543204
2022-10-31,West,Groceries,310563.5980486101
2022-11-01,East,Furniture,314558.6473288952
2022-11-02,South,Electronics,311876.2165098658
2022-11-03,East,Clothing,313551.3047743574
2022-11-04,East,Clothing,314297.9110348885
2022-11-05,East,Furniture,315742.0339342265
2022-11-06,East,Groceries,309794.67184609507
2022-11-07,West,Groceries,316077.8228760204
2022-11-08,West,Electronics,317305.4848623182
2022-11-09,East,Groceries,316981.6553772193
2022-11-10,East,Clothing,315709.33172813384
2022-11-11,South,Groceries,316175.51095905364
2022-11-12,East,Electronics,314778.18985209125
2022-11-13,West,Clothing,315473.3649291562
2022-11-14,North,Groceries,316367.0324537657
2022-11-15,West,Groceries,316791.18843299075
2022-11-16,South,Furniture,316435.8286195356
2022-11-17,West,Electronics,317491.9485139491
2022-11-18,North,Groceries,317571.54336696846
2022-11-19,East,Furniture,317960.60818199185
2022-11-20,North,Clothing,320151.1377176809
2022-11-21,East,Furniture,318541.1264906899
2022-11-22,East,Furniture,321802.5687785214
2022-11-23,West,Groceries,320235.4586225061
2022-11-24,West,Groceries,318751.7898309064
2022-11-25,West,Groceries,322417.5559821399
2022-11-26,South,Furniture,319548.75042812433
2022-11-27,West,Clothing,320518.36629773915
2022-11-28,South,Electronics,319446.396500404
2022-11-29,West,Furniture,321859.83372977085
2022-11-30,East,Groceries,321239.67046752915
2022-12-01,South,Electronics,322750.89898732095
2022-12-02,North,Clothing,321510.5113587644
2022-12-03,South,Electronics,321621.49945158354
2022-12-04,South,Groceries,322691.85493984254
2022-12-05,North,Furniture,322410.5693062811
2022-12-06,South,Furniture,324569.63384675
2022-12-07,East,Groceries,322445.039674744
2022-12-08,West,Furniture,324958.77772602945
2022-12-09,North,Groceries,323785.8387633645
2022-12-10,West,Furniture,323882.2133813095
2022-12-11,East,Furniture,327128.89201112534
2022-12-12,North,Furniture,324761.8649257558
2022-12-13,West,Clothing,325028.12224489346
2022-12-14,West,Clothing,326014.65394012484
2022-12-15,East,Groceries,324757.44984015264
2022-12-16,West,Clothing,327297.49963609286
2022-12-17,East,Groceries,325491.7928868428
2022-12-18,South,Electronics,326815.3190245188
2022-12-19,East,Electronics,326635.0673599592
2022-12-20,South,Clothing,328146.02708829095
2022-12-21,North,Electronics,327773.1872945565
2022-12-22,West,Electronics,329058.53695939766
2022-12-23,East,Furniture,327587.0649647938
2022-12-24,East,Furniture,329155.7600998523
2022-12-25,West,Groceries,329265.6110666461
2022-12-26,West,Electronics,329976.6064860975
2022-12-27,North,Groceries,330144.7349039039
2022-12-28,North,Groceries,333258.98479650257
2022-12-29,East,Electronics,332390.3445770718
2022-12-30,North,Clothing,331073.8026015648
2022-12-31,South,Electronics,329650.3471747733
2023-01-01,North,Furniture,332934.9665564182
2023-01-02,North,Electronics,330803.6489672633
2023-01-03,East,Clothing,331756.3825952491
2023-01-04,South,Groceries,331205.1556016447
2023-01-05,North,Groceries,332756.9561272124
2023-01-06,South,Furniture,331678.7722983835
2023-01-07,South,Furniture,333921.59223344206
2023-01-08,South,Furniture,334130.4040487118
2023-01-09,West,Groceries,333608.19586474495
2023-01-10,West,Furniture,334409.9558125086
2023-01-11,West,Electronics,336846.67203956534
2023-01-12,West,Groceries,335295.3327162459
2023-01-13,East,Clothing,336004.92604180914
2023-01-14,North,Groceries,337912.44025058777
2023-01-15,West,Electronics,336373.86361811514
2023-01-16,East,Electronics,337392.184467231
2023-01-17,North,Furniture,338806.39117416233
2023-01-18,West,Groceries,336991.47217457683
2023-01-19,North,Groceries,338143.41596960474
2023-01-20,West,Groceries,338777.2111318273
2023-01-21,East,Clothing,340180.8463112276
2023-01-22,South,Furniture,338093.3102411009
2023-01-23,South,Electronics,337583.59174392244
2023-01-24,North,Electronics,340795.6797371677
2023-01-25,East,Furniture,338862.563239084
2023-01-26,South,Electronics,338679.23137440917
2023-01-27,West,Electronics,339684.67338003515
2023-01-28,South,Furniture,342429.8786106129
2023-01-29,North,Electronics,340906.8365440958
2023-01-30,North,Groceries,341141.5367872194
2023-01-31,East,Clothing,341670.9690809139
2023-02-01,North,Furniture,342893.1233056462
2023-02-02,South,Clothing,343525.98948669
2023-02-03,South,Electronics,341574.55779932044
2023-02-04,South,Electronics,343672.81857392995
2023-02-05,South,Groceries,344021.7623010641
2023-02-06,East,Furniture,345464.3796363736
2023-02-07,West,Electronics,343587.66140548064
2023-02-08,West,Furniture,345410.59860875615
2023-02-09,East,Furniture,343128.1824260068
2023-02-10,North,Furniture,345716.4042210681
2023-02-11,West,Furniture,346467.2555463016
2023-02-12,North,Furniture,344544.7281469942
2023-02-13,West,Clothing,343976.81396565685
2023-02-14,North,Groceries,345080.5051462206
2023-02-15,East,Furniture,347659.79403812764
2023-02-16,South,Clothing,348678.67320031533
2023-02-17,North,Electronics,348295.13540509134
2023-02-18,South,Furniture,347879.17364189756
2023-02-19,North,Electronics,349301.7811209607
2023-02-20,North,Furniture,348047.9512768283
2023-02-21,North,Clothing,347929.67777178774
2023-02-22,North,Clothing,349418.95449916646
2023-02-23,North,Clothing,351277.77558651235
2023-02-24,South,Groceries,348144.1353986517
2023-02-25,North,Electronics,352045.0285406238
2023-02-26,South,Groceries,352506.44986049045
2023-02-27,East,Furniture,350697.3944520187
2023-02-28,West,Electronics,350934.8576572363
2023-03-01,North,Clothing,350470.83506885654
2023-03-02,West,Electronics,350229.3225325743
2023-03-03,South,Clothing,352797.31614922883
2023-03-04,East,Groceries,353145.8122768345
2023-03-05,East,Groceries,351797.8075324773
2023-03-06,East,Clothing,351642.2987940767
2023-03-07,West,Clothing,351816.2832020112
2023-03-08,South,Furniture,354058.75816060783
2023-03-09,North,Groceries,353169.72133949364
2023-03-10,North,Groceries,353164.1706748094
2023-03-11,South,Furniture,353213.1043702842
2023-03-12,West,Groceries,352753.520898171
2023-03-13,North,Clothing,354791.41900004237
2023-03-14,South,Electronics,356561.79768744553
2023-03-15,North,Electronics,353662.6562424172
2023-03-16,East,Groceries,354186.9942178575
2023-03-17,North,Furniture,354702.81143776287
2023-03-18,West,Clothing,357968.10799731757
2023-03-19,South,Electronics,357762.88426284434
2023-03-20,West,Clothing,357867.1408716132
2023-03-21,South,Groceries,357033.8787315102
2023-03-22,East,Groceries,356861.099020564
2023-03-23,South,Electronics,359219.80318633287
2023-03-24,North,Groceries,355757.9929451507
2023-03-25,North,Furniture,356427.6702812331
2023-03-26,East,Groceries,357653.8374456442
2023-03-27,South,Groceries,357075.49695512454
2023-03-28,East,Groceries,358555.6515907801
2023-03-29,North,Clothing,358242.30439663446
2023-03-30,West,Clothing,358844.45867804304
2023-03-31,East,Electronics,358874.11799997237
2023-04-01,West,Electronics,360077.28618514334
2023-04-02,West,Electronics,361602.9673120404
2023-04-03,South,Groceries,360358.1657127878
2023-04-04,East,Clothing,359255.88597089367
2023-04-05,West,Furniture,360092.13291886274
2023-04-06,West,Groceries,362358.91163568036
2023-04-07,South,Groceries,361183.22744416696
2023-04-08,South,Groceries,357006.0859082067
2023-04-09,North,Furniture,361668.4928298496
2023-04-10,West,Electronics,368531.45424629026
2023-04-11,North,Furniture,363254.976426724
2023-04-12,West,Electronics,363208.065869082
2023-04-13,North,Furniture,362039.7292966474
2023-04-14,South,Clothing,362708.97365455434
2023-04-15,East,Groceries,361586.806106171
2023-04-16,South,Groceries,365161.23402936925
2023-04-17,North,Groceries,365041.26501268265
2023-04-18,North,Electronics,363139.9068513546
2023-04-19,East,Furniture,363841.1675432787
2023-04-20,West,Clothing,366552.0552848343
2023-04-21,North,Furniture,364010.5784666176
2023-04-22,North,Groceries,365698.74566907255
2023-04-23,North,Clothing,367750.5656580223
2023-04-24,East,Clothing,365658.0473801044
2023-04-25,South,Groceries,368243.19995811186
2023-04-26,North,Furniture,367310.03268624214
2023-04-27,East,Groceries,368825.55502525734
2023-04-28,North,Furniture,365998.77659755736
2023-04-29,West,Clothing,367508.70718216884
2023-04-30,East,Clothing,366996.3567096529
2023-05-01,North,Groceries,366060.7352569334
2023-05-02,East,Clothing,368383.8530420495
2023-05-03,North,Electronics,368493.72041883465
2023-05-04,South,Clothing,367941.34787152434
2023-05-05,North,Electronics,370739.7460092967
2023-05-06,East,Clothing,370497.9255607475
2023-05-07,West,Groceries,371138.8973683034
2023-05-08,West,Groceries,369414.67238257517
2023-05-09,West,Electronics,371013.2616566556
2023-05-10,North,Groceries,370703.67634036316
2023-05-11,South,Clothing,370648.92767443584
2023-05-12,North,Clothing,369457.0269846772
2023-05-13,West,Groceries,371326.98567605857
2023-05-14,East,Clothing,370444.8152267799
2023-05-15,West,Furniture,370200.5271822921
2023-05-16,East,Furniture,371836.1331492847
2023-05-17,South,Clothing,372727.64478964184
2023-05-18,East,Groceries,371066.07381436904
2023-05-19,North,Electronics,373286.4319774945
2023-05-20,North,Groceries,374441.7310699483
2023-05-21,North,Electronics,372030.982913422
2023-05-22,East,Groceries,375458.19935421256
2023-05-23,North,Clothing,372672.3922570531
2023-05-24,North,Furniture,374694.5734989345
2023-05-25,North,Groceries,375643.7549629199
2023-05-26,South,Electronics,375331.94853195705
2023-05-27,East,Furniture,373994.1660826898
2023-05-28,East,Electronics,376931.41947927314
2023-05-29,West,Clothing,376499.7205671953
2023-05-30,East,Furniture,374973.0811671088
2023-05-31,South,Electronics,376248.5130686746
2023-06-01,East,Groceries,378492.0280244229
2023-06-02,South,Clothing,375607.6377436326
2023-06-03,South,Clothing,378641.35388623376
2023-06-04,East,Clothing,377684.1880567356
2023-06-05,West,Groceries,378858.1517981833
2023-06-06,North,Groceries,378380.2565861467
2023-06-07,North,Furniture,378395.5138227447
2023-06-08,East,Groceries,379371.93483070715
2023-06-09,East,Furniture,381024.5308474785
2023-06-10,South,Clothing,377902.31301936595
2023-06-11,East,Furniture,378660.29239573487
2023-06-12,South,Electronics,379970.4799232546
2023-06-13,West,Clothing,379486.88644019805
2023-06-14,East,Clothing,380209.5226707976
2023-06-15,North,Furniture,379255.3992196601
2023-06-16,North,Clothing,382172.5265662447
2023-06-17,East,Groceries,383635.91505940555
2023-06-18,South,Electronics,383007.5749120025
2023-06-19,North,Furniture,381079.5161955824
2023-06-20,South,Furniture,384191.7488351349
2023-06-21,East,Clothing,382518.28260392323
2023-06-22,East,Groceries,383345.1271183951
2023-06-23,North,Clothing,384807.2918331748
2023-06-24,East,Clothing,383042.7860361396
2023-06-25,West,Furniture,385483.61884358275
2023-06-26,West,Clothing,385418.79919546656
2023-06-27,North,Electronics,383055.33585076657
2023-06-28,West,Clothing,386366.23738291016
2023-06-29,South,Clothing,385319.5121753121
2023-06-30,North,Furniture,384247.1684170086
2023-07-01,North,Clothing,384534.2140983929
2023-07-02,South,Groceries,388051.6570070543
2023-07-03,West,Furniture,387598.5047237225
2023-07-04,West,Clothing,385484.7646183199
2023-07-05,West,Electronics,385725.44384612393
2023-07-06,North,Electronics,386934.54934404045
2023-07-07,North,Furniture,387992.0878269917
2023-07-08,West,Furniture,386807.06578441913
2023-07-09,East,Clothing,395247.48947690416
2023-07-10,West,Groceries,387537.36493290786
2023-07-11,South,Clothing,388859.69794563163
2023-07-12,North,Electronics,389665.4940700002
2023-07-13,South,Groceries,389609.758619769
2023-07-14,South,Groceries,390516.49666475697
2023-07-15,North,Groceries,389201.7130282063
2023-07-16,East,Clothing,390437.41228427086
2023-07-17,West,Electronics,390977.5987556339
2023-07-18,South,Furniture,391030.27651125734
2023-07-19,North,Clothing,389623.4493642624
2023-07-20,South,Furniture,390748.12086994434
2023-07-21,West,Groceries,392485.29432392056
2023-07-22,East,Groceries,391449.9727604147
2023-07-23,East,Clothing,392701.1589506765
2023-07-24,East,Electronics,391794.85540153855
2023-07-25,North,Groceries,393396.0643541107
2023-07-26,North,Furniture,393272.78778261336
2023-07-27,East,Furniture,394365.0273933492
2023-07-28,West,Clothing,395008.78462381446
2023-07-29,West,Furniture,394757.0606419506
2023-07-30,North,Electronics,394872.8563455358
2023-07-31,East,Groceries,394619.1723617178
2023-08-01,West,Furniture,395824.009046687
2023-08-02,West,Furniture,396097.3664854911
2023-08-03,West,Groceries,394671.2444919908
2023-08-04,North,Clothing,398145.6426089566
2023-08-05,East,Furniture,397881.5601083073
2023-08-06,South,Clothing,397863.9959914886
2023-08-07,East,Clothing,397707.94898999366
2023-08-08,East,Furniture,397338.4175660232
2023-08-09,North,Electronics,399357.3999132865
2023-08-10,West,Clothing,398846.8939579424
2023-08-11,West,Furniture,397103.8973596785
2023-08-12,North,Clothing,396823.4075129308
2023-08-13,North,Groceries,398932.4215482398
2023-08-14,North,Electronics,401000.93633374525
2023-08-15,North,Electronics,399258.9484768169
2023-08-16,North,Groceries,399036.4543258213
2023-08-17,South,Groceries,401984.44997202343
2023-08-18,East,Clothing,400230.9312516223
2023-08-19,East,Groceries,399756.893747919
2023-08-20,East,Electronics,402029.332793617
2023-08-21,West,Groceries,400736.2434732525
2023-08-22,South,Furniture,400639.6206257546
2023-08-23,East,Furniture,402061.4588471322
2023-08-24,West,Clothing,400997.75249328907
2023-08-25,South,Electronics,403318.4956829624
2023-08-26,South,Furniture,404434.6823007858
2023-08-27,West,Groceries,402994.3060004739
2023-08-28,South,Furniture,404155.3602081272
2023-08-29,West,Furniture,404424.83812565554
2023-08-30,East,Clothing,403523.7327343181
2023-08-31,West,Groceries,404204.03679837874
2023-09-01,South,Groceries,406885.7428688739
2023-09-02,East,Groceries,405927.8432874916
2023-09-03,East,Clothing,403877.33019055985
2023-09-04,North,Groceries,404769.19551314146
2023-09-05,North,Groceries,406943.4309932342
2023-09-06,South,Furniture,406967.02817607304
2023-09-07,West,Furniture,408443.9784185331
2023-09-08,West,Groceries,404928.2728936309
2023-09-09,South,Electronics,409285.9025951206
2023-09-10,East,Electronics,408044.8583421845
2023-09-11,South,Groceries,406453.130784214
2023-09-12,South,Electronics,407590.7104056786
2023-09-13,East,Clothing,408793.5875310817
2023-09-14,West,Furniture,407297.75232999894
2023-09-15,South,Clothing,410714.1948221975
2023-09-16,West,Furniture,410529.90488283336
2023-09-17,South,Electronics,410285.8722477241
2023-09-18,East,Electronics,409014.08651869366
2023-09-19,East,Groceries,408919.53716898785
2023-09-20,North,Electronics,412848.2135487556
2023-09-21,East,Electronics,411217.1048905956
2023-09-22,North,Groceries,411710.2003151629
2023-09-23,South,Groceries,411031.48883683496
2023-09-24,West,Furniture,411388.95936943224
2023-09-25,East,Electronics,413165.60073199123
2023-09-26,East,Furniture,413826.4016545876
2023-09-27,East,Furniture,411905.3507842045
2023-09-28,South,Clothing,415246.4366906452
2023-09-29,North,Electronics,415561.64787248505
2023-09-30,South,Electronics,414863.97276306135
2023-10-01,West,Clothing,415429.3997364965
2023-10-02,South,Furniture,413863.9171137525
2023-10-03,West,Electronics,415750.5131687127
2023-10-04,East,Furniture,416753.1761342883
2023-10-05,West,Clothing,414557.8942085464
2023-10-06,West,Groceries,414711.6555608556
2023-10-07,North,Furniture,416521.4483380472
2023-10-08,West,Electronics,417205.26067058765
2023-10-09,West,Groceries,415715.08067875984
2023-10-10,South,Furniture,418653.8964788496
2023-10-11,East,Furniture,419473.69618933386
2023-10-12,South,Groceries,419214.46793706866
2023-10-13,South,Groceries,420323.19986347173
2023-10-14,East,Groceries,418507.88013069815
2023-10-15,East,Electronics,420925.4969278049
2023-10-16,West,Electronics,421796.03847690165
2023-10-17,West,Furniture,419005.493039284
2023-10-18,North,Furniture,421540.84892154677
2023-10-19,South,Clothing,420699.09448167315
2023-10-20,East,Electronics,419684.2181350976
2023-10-21,West,Furniture,423072.2083607386
2023-10-22,East,Groceries,420406.0537069981
2023-10-23,West,Groceries,422317.7427977255
2023-10-24,North,Electronics,423256.2643381413
2023-10-25,North,Groceries,423430.60712071945
2023-10-26,East,Clothing,423238.7600310236
2023-10-27,North,Furniture,422846.7120534948
2023-10-28,East,Furniture,423297.4522771885
2023-10-29,West,Furniture,424597.9699014557
2023-10-30,South,Electronics,421987.2542415684
2023-10-31,North,Groceries,424139.2947342831
2023-11-01,West,Clothing,425039.08094334195
2023-11-02,South,Electronics,426311.60256490746
2023-11-03,South,Furniture,427837.8494329284
2023-11-04,South,Clothing,427091.8115244337
2023-11-05,West,Furniture,425604.4789647522
2023-11-06,West,Furniture,425406.8420326549
2023-11-07,East,Electronics,428290.89116541715
2023-11-08,South,Furniture,427288.6169637989
2023-11-09,South,Clothing,426592.01019693905
2023-11-10,South,Furniture,429447.0618071629
2023-11-11,East,Groceries,426739.7629146987
2023-11-12,South,Furniture,426835.10482230183
2023-11-13,West,Electronics,429951.0790197844
2023-11-14,South,Clothing,428400.6771884465
2023-11-15,North,Electronics,428342.89120540855
2023-11-16,West,Groceries,428740.7131478411
2023-11-17,East,Furniture,429260.13529709104
2023-11-18,South,Electronics,429987.1501427009
2023-11-19,North,Electronics,430238.75038631994
2023-11-20,East,Electronics,429199.92894550523
2023-11-21,East,Electronics,432787.67895740934
2023-11-22,West,Groceries,433287.99378235464
2023-11-23,East,Groceries,433826.86700729077
2023-11-24,East,Furniture,431784.2924491344
2023-11-25,East,Furniture,432631.2641579891
2023-11-26,East,Clothing,433358.77642024367
2023-11-27,South,Groceries,433330.8237615477
2023-11-28,South,Electronics,435321.40094966226
2023-11-29,South,Electronics,433797.502997185
2023-11-30,South,Clothing,433151.12516414665
2023-12-01,North,Electronics,436288.26296048024
2023-12-02,South,Clothing,436503.91214835877
2023-12-03,East,Furniture,436452.0687444022
2023-12-04,South,Groceries,436233.7290217521
2023-12-05,South,Clothing,434227.88951201196
2023-12-06,West,Electronics,437196.5470070539
2023-12-07,East,Clothing,438463.6985606891
2023-12-08,South,Furniture,438848.34149020194
2023-12-09,South,Electronics,435748.47337774717
2023-12-10,South,Furniture,437184.09207160905
2023-12-11,North,Furniture,439606.19568732183
2023-12-12,South,Clothing,437727.7826086511
2023-12-13,West,Furniture,437075.85148843547
2023-12-14,East,Electronics,439004.40124928806
2023-12-15,East,Furniture,440617.4310841578
2023-12-16,South,Furniture,440745.94045674923
2023-12-17,South,Clothing,439023.92910180235
2023-12-18,South,Furniture,439547.3970252302
2023-12-19,East,Groceries,441277.34450411634
2023-12-20,East,Clothing,439980.7720865701
2023-12-21,North,Clothing,440603.6805914413
2023-12-22,West,Electronics,441314.0711078939
2023-12-23,North,Electronics,441717.94499483885
2023-12-24,West,Electronics,443077.30388022616
2023-12-25,North,Electronics,440903.1496601974
2023-12-26,East,Groceries,441088.48449809814
2023-12-27,North,Clothing,441556.3108233515
2023-12-28,West,Furniture,441328.6313301927
2023-12-29,South,Electronics,441587.4489762664
2023-12-30,West,Electronics,443260.76698108617
2023-12-31,South,Electronics,442520.5888243582
2024-01-01,East,Furniture,445128.9182441689
2024-01-02,West,Electronics,444103.7592350385
2024-01-03,North,Furniture,445931.11604584067
2024-01-04,West,Clothing,443528.99317759014
2024-01-05,South,Clothing,442781.3953810984
2024-01-06,East,Clothing,444414.3276545001
2024-01-07,North,Groceries,444117.79524064984
2024-01-08,West,Furniture,445249.80362439214
2024-01-09,South,Electronics,445500.35852970515
2024-01-10,North,Electronics,446593.4659167197
2024-01-11,East,Electronics,444468.1319786156
2024-01-12,North,Electronics,446910.36313839664
2024-01-13,East,Groceries,445940.16604554537
2024-01-14,North,Electronics,445461.5475725608
2024-01-15,West,Groceries,446580.51481137896
2024-01-16,South,Furniture,446443.0750696803
2024-01-17,West,Clothing,448594.2358670836
2024-01-18,West,Electronics,448157.00493123056
2024-01-19,East,Clothing,449539.39019376104
2024-01-20,East,Furniture,447346.39978618314
2024-01-21,East,Furniture,450354.04203563824
2024-01-22,West,Electronics,449140.32546056464
2024-01-23,North,Furniture,450148.2587662618
2024-01-24,North,Clothing,450354.85084035655
2024-01-25,West,Electronics,449470.11074817507
2024-01-26,West,Groceries,451099.047728022
2024-01-27,South,Electronics,452411.67118636944
2024-01-28,East,Clothing,452701.99069295847
2024-01-29,East,Electronics,450001.01597581577
2024-01-30,West,Electronics,449606.7569161874
2024-01-31,West,Clothing,450219.2235433932
2024-02-01,North,Electronics,452783.42602960404
2024-02-02,West,Electronics,452478.37468454445
2024-02-03,North,Clothing,452500.0799501236
2024-02-04,West,Furniture,452108.5523949981
2024-02-05,South,Clothing,451752.8027090675
2024-02-06,South,Electronics,452473.84169790806
2024-02-07,North,Groceries,454033.6802771457
2024-02-08,East,Groceries,452017.3294667709
2024-02-09,South,Clothing,453073.80038540077
2024-02-10,North,Groceries,454169.10424448835
2024-02-11,West,Electronics,455099.2523424845
2024-02-12,West,Electronics,455286.2560589539
2024-02-13,North,Clothing,459991.1268486491
2024-02-14,East,Electronics,453814.8762355456
2024-02-15,North,Furniture,455997.51580684027
2024-02-16,North,Electronics,455285.0572069175
2024-02-17,South,Clothing,458595.51213128504
2024-02-18,North,Furniture,455977.8923204838
2024-02-19,North,Furniture,455868.2095539735
2024-02-20,West,Groceries,457692.47564399865
2024-02-21,South,Electronics,457399.7024294372
2024-02-22,West,Clothing,458732.90176963527
2024-02-23,West,Groceries,461698.0855382312
2024-02-24,East,Groceries,458441.2656169725
2024-02-25,East,Electronics,458524.4538895283
2024-02-26,South,Electronics,458778.6622353005
2024-02-27,South,Clothing,459510.9025232379
2024-02-28,East,Groceries,460891.186605655
2024-02-29,East,Clothing,458464.5263120601
2024-03-01,East,Groceries,460592.9334429946
2024-03-02,East,Groceries,459829.41976388823
2024-03-03,East,Groceries,462324.9969989318
2024-03-04,West,Electronics,459760.6768249718
2024-03-05,South,Groceries,462414.4708654295
2024-03-06,West,Groceries,463089.3906842482
2024-03-07,West,Groceries,461529.4477798708
2024-03-08,North,Furniture,460358.6535792524
2024-03-09,West,Electronics,463738.01943190926
2024-03-10,East,Furniture,461143.55660400836
2024-03-11,East,Electronics,461099.27627250087
2024-03-12,North,Clothing,464962.18951930123
2024-03-13,North,Furniture,463037.30732551636
2024-03-14,North,Clothing,462399.64056572714
2024-03-15,North,Groceries,465156.2000023254
2024-03-16,North,Clothing,464550.9962799092
2024-03-17,West,Clothing,463876.03991973965
2024-03-18,North,Clothing,466826.3413142618
2024-03-19,West,Clothing,463896.91072169284
2024-03-20,South,Electronics,466726.7582606799
2024-03-21,North,Furniture,465951.89390503074
2024-03-22,North,Electronics,466516.32747851976
2024-03-23,West,Electronics,465626.06864977226
2024-03-24,South,Electronics,468044.12692722934
2024-03-25,West,Clothing,466045.5116541963
2024-03-26,West,Electronics,467746.2320039772
2024-03-27,North,Furniture,467602.2969750975
2024-03-28,East,Electronics,467718.7153866183
2024-03-29,East,Groceries,465370.4958735433
2024-03-30,West,Clothing,468010.6468823228
2024-03-31,North,Groceries,466226.1766664543
2024-04-01,South,Furniture,466780.0932821849
2024-04-02,East,Furniture,469003.40458431595
2024-04-03,South,Furniture,470065.1182221123
2024-04-04,East,Furniture,468386.24163531925
2024-04-05,North,Electronics,468456.7820502879
2024-04-06,West,Clothing,469377.7464762121
2024-04-07,South,Furniture,471347.1417014786
2024-04-08,South,Groceries,469321.9742901316
2024-04-09,West,Furniture,468575.25057845435
2024-04-10,South,Clothing,470015.97667167004
2024-04-11,East,Groceries,468785.1584407619
2024-04-12,West,Groceries,466033.8015194162
2024-04-13,East,Groceries,471932.9113010882
2024-04-14,East,Electronics,469445.49293619365
2024-04-15,North,Furniture,469730.55132942647
2024-04-16,East,Electronics,472632.0911372049
2024-04-17,North,Groceries,471824.11676524626
2024-04-18,South,Electronics,471144.63236627297
2024-04-19,South,Electronics,472622.6418378497
2024-04-20,North,Electronics,471046.1488203539
2024-04-21,East,Furniture,475089.15669507993
2024-04-22,West,Groceries,474747.6685824782
2024-04-23,West,Groceries,474942.6873405302
2024-04-24,North,Furniture,473621.2155632604
2024-04-25,South,Electronics,473780.2555793849
2024-04-26,South,Electronics,476735.80945109925
2024-04-27,West,Clothing,475576.87897300406
2024-04-28,North,Clothing,474521.46567117097
2024-04-29,West,Clothing,475884.57080234744
2024-04-30,East,Furniture,477249.1953533027
2024-05-01,East,Groceries,478006.3400403135
2024-05-02,North,Clothing,477593.0053087914
2024-05-03,North,Groceries,477761.1913330508
2024-05-04,East,Groceries,477891.8980162179
2024-05-05,South,Groceries,476867.1249902814
2024-05-06,North,Furniture,476753.8716162841
2024-05-07,East,Furniture,476377.1369846555
2024-05-08,East,Furniture,477643.9199156858
2024-05-09,South,Furniture,477017.2189601398
2024-05-10,South,Clothing,479523.0324000119
2024-05-11,South,Electronics,476977.3582494207
2024-05-12,South,Electronics,477505.1942556432
2024-05-13,West,Electronics,478605.5379002877
2024-05-14,South,Clothing,475891.3864006058
2024-05-15,West,Electronics,479793.7367109408
2024-05-16,North,Clothing,480626.5855243143
2024-05-17,East,Clothing,481720.9292741484
2024-05-18,West,Clothing,482094.7641361225
2024-05-19,North,Electronics,481868.0860301652
2024-05-20,North,Groceries,480119.89062257914
2024-05-21,West,Electronics,480383.1733282976
2024-05-22,North,Electronics,482922.9293132722
2024-05-23,North,Furniture,483700.1534969904
2024-05-24,West,Clothing,484751.84055512113
2024-05-25,North,Groceries,484363.9849222876
2024-05-26,South,Furniture,483966.58079496527
2024-05-27,South,Groceries,483990.62213450443
2024-05-28,East,Groceries,483754.1026702746
2024-05-29,North,Clothing,483733.0159029301
2024-05-30,East,Electronics,484801.35510779463
2024-05-31,South,Clothing,486359.11333836336
2024-06-01,South,Clothing,485957.28342992003
2024-06-02,South,Furniture,486066.85800326837
2024-06-03,North,Clothing,484139.8294685749
2024-06-04,North,Electronics,486246.19002932095
2024-06-05,South,Groceries,484794.9316863633
2024-06-06,East,Clothing,485961.04624209955
2024-06-07,East,Groceries,487181.525304737
2024-06-08,West,Clothing,488230.36029266304
2024-06-09,South,Groceries,489912.5424389138
2024-06-10,East,Clothing,490157.0627957398
2024-06-11,South,Furniture,490297.91223926545
2024-06-12,East,Groceries,488358.0814742405
2024-06-13,West,Clothing,488885.5610388806
2024-06-14,West,Clothing,490550.3413097945
2024-06-15,South,Furniture,489097.41250699566
2024-06-16,East,Furniture,489028.7646989951
2024-06-17,North,Furniture,491750.3878079735
2024-06-18,West,Groceries,491467.2716150292
2024-06-19,South,Groceries,490163.4057654996
2024-06-20,South,Furniture,492233.77977435396
2024-06-21,East,Electronics,492286.3830316529
2024-06-22,South,Electronics,491931.20480807417
2024-06-23,West,Clothing,492900.23426049977
2024-06-24,South,Electronics,491933.4604376626
2024-06-25,South,Clothing,496807.87228584953
2024-06-26,North,Groceries,495048.4586546576
2024-06-27,North,Groceries,492262.2083028008
2024-06-28,West,Electronics,493744.109903964
2024-06-29,East,Groceries,493913.15205270116
2024-06-30,North,Furniture,494606.323270375
2024-07-01,East,Furniture,493693.61201113445
2024-07-02,West,Electronics,494730.00666792726
2024-07-03,North,Electronics,495209.4955785445
2024-07-04,East,Clothing,495342.0670316938
2024-07-05,North,Groceries,498406.70927309804
2024-07-06,West,Clothing,496603.4105116165
2024-07-07,West,Clothing,498812.1589253852
2024-07-08,North,Furniture,498483.94266797334
2024-07-09,East,Furniture,497825.74987455213
2024-07-10,South,Furniture,499360.5686680739
2024-07-11,South,Furniture,499998.38716545695
2024-07-12,North,Clothing,498768.19348377374
2024-07-13,East,Furniture,498547.975746439
2024-07-14,South,Groceries,498757.7220893949
2024-07-15,West,Furniture,499063.4206672889
2024-07-16,East,Furniture,499049.0596596425
2024-07-17,South,Furniture,499756.62727700704
2024-07-18,East,Electronics,502067.11176710296
2024-07-19,North,Groceries,502862.50142093975
2024-07-20,East,Groceries,501055.78457891394
2024-07-21,South,Clothing,503520.9496368806
2024-07-22,North,Clothing,500753.98505219625
2024-07-23,East,Furniture,501410.87934973015
2024-07-24,West,Electronics,502634.6211278397
2024-07-25,South,Clothing,504011.19906430825
2024-07-26,North,Clothing,504383.6019222408
2024-07-27,East,Furniture,505970.8185559163
2024-07-28,West,Furniture,504805.83791659144
2024-07-29,South,Clothing,505503.64905825444
2024-07-30,West,Clothing,503616.2411433255
2024-07-31,East,Groceries,505504.6034483003
2024-08-01,East,Electronics,504690.7253693345
2024-08-02,North,Groceries,506601.59642776585
2024-08-03,West,Clothing,505810.20627557073
2024-08-04,North,Groceries,507901.54470075335
2024-08-05,South,Groceries,505959.6016326636
2024-08-06,North,Clothing,508244.3671472412
2024-08-07,South,Furniture,508723.83147218416
2024-08-08,East,Clothing,510530.9849920374
2024-08-09,East,Furniture,508528.8182532004
2024-08-10,West,Clothing,509178.32196885
2024-08-11,South,Clothing,508306.4870237766
2024-08-12,East,Clothing,511960.3044791312
2024-08-13,West,Electronics,508857.7655770802
2024-08-14,West,Furniture,508936.8617453662
2024-08-15,North,Electronics,510828.5846017719
2024-08-16,West,Clothing,510907.92595848563
2024-08-17,East,Groceries,512164.87782636465
2024-08-18,North,Electronics,512623.432419096
2024-08-19,South,Furniture,511119.58215725113
2024-08-20,South,Clothing,511942.319672233
2024-08-21,East,Electronics,513008.63781011326
2024-08-22,East,Groceries,511634.52963535785
2024-08-23,North,Electronics,514140.9884344385
2024-08-24,North,Furniture,513014.00771932915
2024-08-25,East,Electronics,512151.58123088453
2024-08-26,East,Groceries,514138.70294209954
2024-08-27,South,Groceries,513736.36706124805
2024-08-28,South,Furniture,512427.56803489884
2024-08-29,South,Groceries,516383.3005508077
2024-08-30,East,Clothing,515243.5595406838
2024-08-31,West,Groceries,516089.3401828291
2024-09-01,East,Clothing,518166.6379046491
2024-09-02,East,Electronics,515954.4483850343
2024-09-03,South,Clothing,518596.76755661017
2024-09-04,East,Clothing,517848.5916078557
2024-09-05,North,Electronics,519669.9169850878
2024-09-06,East,Groceries,520090.74039431225
2024-09-07,East,Clothing,518714.05880293896
2024-09-08,East,Groceries,519763.86944136117
2024-09-09,East,Electronics,518031.16980439774
2024-09-10,West,Furniture,517876.957652598
2024-09-11,East,Groceries,518501.23101340747
2024-09-12,North,Groceries,518202.98818219564
2024-09-13,North,Furniture,521956.2277231433
2024-09-14,East,Furniture,520004.94846999034
2024-09-15,South,Electronics,522075.1495266431
2024-09-16,West,Groceries,519183.8302676411
2024-09-17,East,Groceries,522461.9903384827
2024-09-18,East,Electronics,519858.62965580955
2024-09-19,East,Groceries,521897.7484074503
2024-09-20,South,Clothing,521560.34705232247
2024-09-21,South,Clothing,523192.42632019386
2024-09-22,South,Clothing,521532.98721130204
2024-09-23,West,Groceries,522548.0309958338
2024-09-24,North,Clothing,521399.5592132637
2024-09-25,West,Clothing,522812.57367155206
2024-09-26,South,Electronics,523264.07644620386
2024-09-27,North,Electronics,524702.0698791876
2024-09-28,North,Furniture,524034.55657771596
2024-09-29,South,Furniture,524326.5394128877
2024-09-30,South,Furniture,529553.0215181928
2024-10-01,West,Furniture,525753.0062878807
2024-10-02,South,Electronics,524225.4973751924
2024-10-03,North,Electronics,524702.4986904585
2024-10-04,East,Electronics,526221.0143990624
2024-10-05,South,Clothing,525608.0489192713
2024-10-06,South,Clothing,525650.6069199354
2024-10-07,West,Furniture,526429.6933180568
2024-10-08,West,Clothing,526562.313276228
2024-10-09,South,Groceries,526312.4721999448
2024-10-10,North,Electronics,526354.1757347902
2024-10-11,North,Furniture,527252.4297634949
2024-10-12,East,Furniture,529483.240402874
2024-10-13,South,Groceries,527287.614000641
2024-10-14,West,Clothing,528739.557132103
2024-10-15,North,Furniture,527530.0765967357
2024-10-16,East,Clothing,531329.1794146433
2024-10-17,South,Clothing,529885.8728229019
2024-10-18,North,Groceries,528875.1642717916
2024-10-19,South,Furniture,528582.061420916
2024-10-20,South,Clothing,531053.5721352136
2024-10-21,North,Clothing,529882.7044808627
2024-10-22,North,Groceries,532733.4667210797
2024-10-23,North,Groceries,531746.8673118167
2024-10-24,South,Clothing,531905.9148973579
2024-10-25,South,Groceries,531631.6183058182
2024-10-26,East,Clothing,531317.9865445454
2024-10-27,West,Furniture,531932.0287954297
2024-10-28,South,Electronics,531507.7544101226
2024-10-29,West,Groceries,531713.1729051664
2024-10-30,North,Electronics,535017.2939570387
2024-10-31,South,Clothing,532442.1273971127
2024-11-01,East,Clothing,533515.6832065387
2024-11-02,East,Clothing,534964.9715110449
2024-11-03,West,Electronics,535996.0025756651
2024-11-04,North,Clothing,532898.7867993934
2024-11-05,West,Groceries,535988.3347097677
2024-11-06,North,Furniture,534642.6569573886
2024-11-07,East,Furniture,533582.7643103724
2024-11-08,West,Groceries,535292.6676487436
2024-11-09,East,Furniture,536693.3779587689
2024-11-10,East,Electronics,535779.9063272363
2024-11-11,North,Clothing,538419.2639356817
2024-11-12,West,Clothing,535787.4620545651
2024-11-13,West,Clothing,536500.5120374026
2024-11-14,East,Electronics,537718.4253148532
2024-11-15,East,Electronics,539306.2133887664
2024-11-16,North,Electronics,539421.8878261925
2024-11-17,South,Groceries,536224.460253359
2024-11-18,South,Electronics,539579.9423496163
2024-11-19,East,Furniture,540455.345841355
2024-11-20,South,Groceries,537095.6824959001
2024-11-21,South,Groceries,545845.9641153822
2024-11-22,South,Groceries,538364.2025305921
2024-11-23,South,Electronics,538528.4095948199
2024-11-24,East,Groceries,541300.5971776813
2024-11-25,South,Electronics,540744.7771589378
2024-11-26,South,Electronics,540084.961422309
2024-11-27,North,Groceries,542460.1618492848
2024-11-28,East,Clothing,539042.3903129377
2024-11-29,West,Clothing,542996.6586717399
2024-11-30,West,Groceries,541772.9787633877
2024-12-01,North,Clothing,543573.3623986372
2024-12-02,North,Furniture,543095.8213551538
2024-12-03,East,Furniture,542942.3673713784
2024-12-04,West,Electronics,542219.0121404149
2024-12-05,South,Clothing,544674.767303941
2024-12-06,North,Furniture,545299.6444461453
2024-12-07,West,Groceries,542552.655087695
2024-12-08,East,Clothing,545504.8106797367
2024-12-09,South,Furniture,543572.1225979322
2024-12-10,East,Furniture,543155.6021365357
2024-12-11,North,Groceries,544581.2605025113
2024-12-12,West,Electronics,547222.1088096972
2024-12-13,West,Groceries,546618.1580730184
2024-12-14,West,Electronics,546255.4192027499
2024-12-15,West,Furniture,544816.9029988357
2024-12-16,South,Electronics,547974.6201452643
2024-12-17,South,Furniture,546317.581204505
2024-12-18,East,Furniture,546810.7966120075
2024-12-19,South,Clothing,547943.2766707675
2024-12-20,North,Electronics,546830.031545961
2024-12-21,North,Electronics,546970.0712596516
2024-12-22,West,Electronics,546852.40568557
2024-12-23,North,Groceries,550051.0445439736
2024-12-24,East,Clothing,549231.9973965838
2024-12-25,South,Clothing,547085.2736416069
2024-12-26,South,Clothing,547422.8825088397
2024-12-27,South,Groceries,549799.8330548631
2024-12-28,North,Electronics,551338.1341583262
2024-12-29,South,Electronics,549670.794515322
2024-12-30,West,Electronics,550515.8226348591
2024-12-31,West,Clothing,549087.2268344309
2025-01-01,West,Clothing,549638.0152356838
2025-01-02,North,Furniture,549975.1957601876
2025-01-03,South,Groceries,552744.776125311
2025-01-04,North,Groceries,549398.763840202
2025-01-05,South,Clothing,552757.166201878
2025-01-06,East,Furniture,553332.9902914251
2025-01-07,East,Electronics,552528.2429703115
2025-01-08,North,Clothing,552017.9308768136
2025-01-09,West,Groceries,552170.060422559
2025-01-10,North,Groceries,551645.6377891887
2025-01-11,West,Groceries,554997.6689251361
2025-01-12,South,Electronics,551510.1595425314
2025-01-13,West,Groceries,552040.115114225
2025-01-14,West,Electronics,554790.5408709389
2025-01-15,South,Electronics,554388.4417985423
2025-01-16,East,Electronics,554828.8226354548
2025-01-17,South,Clothing,555123.6878701791
2025-01-18,North,Electronics,554741.0417389639
2025-01-19,North,Furniture,554676.8882235973
2025-01-20,North,Groceries,554388.2310493337
2025-01-21,North,Clothing,554894.0736829533
2025-01-22,North,Groceries,557949.4193309572
2025-01-23,East,Electronics,557836.2709378978
2025-01-24,East,Clothing,558655.6311848446
2025-01-25,West,Furniture,559202.5024879888
2025-01-26,North,Electronics,557434.8869973844
2025-01-27,South,Groceries,557089.7865958291
2025-01-28,North,Furniture,559813.2028978835
2025-01-29,East,Electronics,559580.1372490304
2025-01-30,North,Furniture,557109.590724974
2025-01-31,East,Electronics,558313.5641310802
2025-02-01,West,Clothing,561386.0580019562
2025-02-02,West,Electronics,559540.0726011733
2025-02-03,West,Clothing,560106.6079211287
2025-02-04,East,Electronics,559265.6636830501
2025-02-05,North,Electronics,561108.2393371402
2025-02-06,North,Groceries,562717.334062864
2025-02-07,South,Furniture,561860.9467693749
2025-02-08,East,Furniture,562135.0760960839
2025-02-09,South,Furniture,561342.720413367
2025-02-10,West,Electronics,560878.8778234153
2025-02-11,North,Electronics,563373.5461612217
2025-02-12,East,Electronics,563468.7229957094
2025-02-13,South,Clothing,563432.4056309976
2025-02-14,South,Clothing,570267.5911078056
2025-02-15,South,Groceries,566039.2762049932
2025-02-16,North,Electronics,564510.4574412392
2025-02-17,North,Furniture,565879.1310768531
2025-02-18,North,Furniture,564714.293115724
2025-02-19,East,Groceries,564684.9393074001
2025-02-20,North,Furniture,564159.0651493033
2025-02-21,East,Groceries,564137.6658890735
2025-02-22,South,Electronics,565381.7365270433
2025-02-23,South,Furniture,564697.2718188418
2025-02-24,West,Electronics,567920.266278126
2025-02-25,North,Clothing,568491.7141794373
2025-02-26,South,Furniture,566741.609561183
2025-02-27,North,Clothing,566975.9462287417
2025-02-28,East,Furniture,569150.717757688
2025-03-01,South,Electronics,568001.9174971393
2025-03-02,North,Groceries,568623.5385732185
2025-03-03,South,Electronics,567972.5738926337
2025-03-04,South,Electronics,568152.0161463723
2025-03-05,North,Electronics,568855.8578135073
2025-03-06,South,Furniture,570027.091165114
2025-03-07,South,Groceries,575707.7082682939
2025-03-08,South,Clothing,571949.7009903073
2025-03-09,South,Electronics,569096.0610028076
2025-03-10,East,Furniture,571032.7797861783
2025-03-11,South,Clothing,571421.8486339701
2025-03-12,West,Electronics,573510.2586574348
2025-03-13,South,Clothing,571105.0007901539
2025-03-14,North,Electronics,573603.0657927599
2025-03-15,West,Clothing,573980.4442577484
2025-03-16,East,Clothing,572574.1266143769
2025-03-17,West,Groceries,572653.1031336484
2025-03-18,West,Groceries,572617.3639333782
2025-03-19,West,Electronics,573840.8989833405
2025-03-20,North,Furniture,573278.6981104908
2025-03-21,North,Groceries,575697.7510042646
2025-03-22,North,Clothing,575560.0472219461
2025-03-23,East,Groceries,573870.5761941064
2025-03-24,North,Groceries,576363.3272301077
2025-03-25,North,Electronics,575776.289523671
2025-03-26,West,Groceries,574269.4521585027
2025-03-27,North,Groceries,577438.8041139795
2025-03-28,South,Clothing,577167.3342708885
2025-03-29,North,Groceries,577787.0314172163
2025-03-30,East,Clothing,577486.8842539886
2025-03-31,East,Groceries,579520.8814011539
2025-04-01,South,Groceries,577267.0114035098
2025-04-02,East,Furniture,577897.2627366683
2025-04-03,East,Groceries,577948.6238130578
2025-04-04,West,Clothing,578773.0829879566
2025-04-05,South,Clothing,577949.6285655572
2025-04-06,West,Electronics,581035.2488050576
2025-04-07,West,Electronics,580562.9319267747
2025-04-08,North,Furniture,581948.666118279
2025-04-09,South,Clothing,581585.439540546
2025-04-10,North,Clothing,579004.2403341215
2025-04-11,North,Clothing,582595.0566252973
2025-04-12,West,Furniture,581944.8765322948
2025-04-13,East,Clothing,581261.6881714525
2025-04-14,South,Electronics,580684.4796634142
2025-04-15,East,Furniture,583383.2391393158
2025-04-16,West,Electronics,582939.9547469658
2025-04-17,West,Electronics,583983.6146570172
2025-04-18,West,Furniture,582704.2070691282
2025-04-19,West,Groceries,584834.7202181072
2025-04-20,West,Groceries,584516.1423800394
2025-04-21,West,Electronics,585053.4618783926
2025-04-22,East,Groceries,579622.667090097
2025-04-23,North,Clothing,584040.7464515989
2025-04-24,East,Furniture,583979.6884648822
2025-04-25,South,Electronics,584457.4817034559
2025-04-26,East,Clothing,586363.1148183048
2025-04-27,West,Groceries,584955.5765437994
2025-04-28,East,Clothing,587435.8557035627
2025-04-29,North,Groceries,584512.9412162906
2025-04-30,South,Electronics,587336.822101522
2025-05-01,East,Clothing,585876.4874853574
2025-05-02,North,Furniture,588122.9266061218
2025-05-03,East,Electronics,587296.1288199682
2025-05-04,South,Clothing,586383.0836064211
2025-05-05,East,Clothing,588504.780573855
2025-05-06,West,Groceries,587939.2094649058
2025-05-07,East,Electronics,587953.3601618123
2025-05-08,North,Electronics,591137.2226916854
2025-05-09,East,Electronics,591534.7872317017
2025-05-10,North,Electronics,589644.0441142182
2025-05-11,South,Groceries,591581.9838318073
2025-05-12,East,Furniture,592146.5970422077
2025-05-13,South,Electronics,589856.8745731896
2025-05-14,South,Groceries,590408.8074273312
2025-05-15,East,Furniture,593046.386786704
2025-05-16,North,Furniture,591736.6040174647
2025-05-17,South,Groceries,592447.4506743519
2025-05-18,South,Electronics,592190.9185050837
2025-05-19,East,Furniture,594126.9994546549
2025-05-20,East,Electronics,594393.6856695322
2025-05-21,East,Electronics,593137.9695017437
2025-05-22,East,Clothing,595475.8435128618
2025-05-23,East,Electronics,592687.3004778764
2025-05-24,West,Clothing,596284.3333889581
2025-05-25,East,Furniture,595141.9354591073
2025-05-26,North,Groceries,594007.1001256878
2025-05-27,South,Clothing,597742.8210538459
2025-05-28,North,Groceries,598113.092139808
2025-05-29,North,Furniture,595758.9075140597
2025-05-30,West,Electronics,598357.2615444023
2025-05-31,East,Furniture,597034.1488388864
2025-06-01,South,Groceries,595478.5642486186
2025-06-02,North,Furniture,598020.5028704439
2025-06-03,East,Electronics,597106.9600494985
2025-06-04,East,Furniture,599879.9313816343
2025-06-05,West,Electronics,598295.4127157119
2025-06-06,West,Clothing,599261.4001557626
2025-06-07,West,Groceries,599174.8900630173
2025-06-08,South,Electronics,599815.8790578013
2025-06-09,North,Electronics,598837.3640212945
2025-06-10,West,Furniture,598363.3420971552
2025-06-11,West,Clothing,598804.8106930078
2025-06-12,West,Electronics,600974.767481793
2025-06-13,North,Clothing,601091.2104029789
2025-06-14,North,Clothing,601242.1376636353
2025-06-15,West,Furniture,600903.5477393658
2025-06-16,West,Electronics,601729.4393751032
2025-06-17,East,Furniture,600045.8115857618
2025-06-18,West,Groceries,604048.6636567513
2025-06-19,South,Groceries,603405.9951443484
2025-06-20,South,Electronics,603704.8058759279
2025-06-21,West,Clothing,603499.0959500533
2025-06-22,North,Electronics,602836.8657364243
2025-06-23,East,Electronics,602230.1158756854
2025-06-24,North,Groceries,603937.8472790914
2025-06-25,West,Groceries,604241.0611280332
2025-06-26,South,Clothing,604729.7588734231
2025-06-27,East,Clothing,603493.9422349381
2025-06-28,North,Electronics,603101.6132001255
2025-06-29,North,Furniture,603254.7740233672
2025-06-30,West,Electronics,605884.4272247058
2025-07-01,East,Clothing,606338.5755885323
2025-07-02,South,Furniture,605372.2221621363
2025-07-03,West,Groceries,606071.370254119
2025-07-04,East,Clothing,606549.0234326699
2025-07-05,North,Clothing,608650.1855237093
2025-07-06,West,Furniture,608078.8606088948
2025-07-07,North,Clothing,606589.0530234975
2025-07-08,North,Clothing,605566.7673541424
2025-07-09,West,Clothing,608872.0084364213
2025-07-10,West,Clothing,609162.781352374
2025-07-11,West,Clothing,609950.0914278418
2025-07-12,West,Clothing,609134.9442296944
2025-07-13,West,Clothing,609162.3455629306
2025-07-14,North,Clothing,610355.3014676549
2025-07-15,South,Groceries,608207.8182159332
2025-07-16,South,Clothing,612244.9023085252
2025-07-17,West,Groceries,609234.5604715003
2025-07-18,North,Groceries,610163.799652734
2025-07-19,South,Electronics,611309.6270182903
2025-07-20,South,Electronics,610309.0499486899
2025-07-21,South,Groceries,612616.0760350662
2025-07-22,North,Groceries,611371.7130752127
2025-07-23,West,Clothing,611624.9690695219
2025-07-24,West,Electronics,611973.8522168195
2025-07-25,West,Furniture,614061.3709100944
2025-07-26,East,Electronics,614925.5337321276
2025-07-27,East,Groceries,612312.3494510236
2025-07-28,East,Groceries,615548.8270156436
2025-07-29,North,Clothing,612719.9755509456
2025-07-30,South,Clothing,615533.8043532325
2025-07-31,South,Electronics,613325.3228853106
2025-08-01,North,Clothing,614137.5407715624
2025-08-02,North,Furniture,615021.467792934
2025-08-03,West,Furniture,614227.1138818422
2025-08-04,West,Clothing,614152.4891170015
2025-08-05,East,Furniture,614535.6037181759
2025-08-06,East,Furniture,615299.4680408569
2025-08-07,North,Electronics,616453.0925708703
2025-08-08,East,Furniture,618855.4879189165
2025-08-09,South,Groceries,617418.6648150439
2025-08-10,North,Groceries,617873.6341030619
2025-08-11,North,Electronics,617655.4067348934
2025-08-12,South,Clothing,620140.993764872
2025-08-13,West,Electronics,619167.4063439845
2025-08-14,West,Clothing,617919.6557140651
2025-08-15,South,Clothing,618410.75320194
2025-08-16,South,Clothing,620628.7102135298
2025-08-17,East,Clothing,619992.5382279089
2025-08-18,North,Clothing,618890.2487913283
2025-08-19,East,Electronics,620540.8535112027
2025-08-20,South,Clothing,620703.3640500655
2025-08-21,East,Furniture,620940.7921194959
2025-08-22,South,Furniture,621892.1494740197
2025-08-23,East,Clothing,622934.4479049877
2025-08-24,East,Furniture,623339.6992344364
2025-08-25,West,Groceries,621767.9153089301
2025-08-26,South,Electronics,621077.1079933929
2025-08-27,East,Electronics,621755.2891649292
2025-08-28,North,Clothing,624020.4707066389
2025-08-29,East,Clothing,623526.6645014292
2025-08-30,East,Groceries,623800.8824258263
2025-08-31,North,Clothing,621599.1363437909
2025-09-01,South,Furniture,622730.4381005395
2025-09-02,West,Groceries,625851.7995163763
2025-09-03,West,Furniture,624880.2323805375
2025-09-04,West,Electronics,623879.748445052
2025-09-05,North,Furniture,625501.3594186212
2025-09-06,East,Electronics,623977.076960522
2025-09-07,South,Furniture,626357.9126745348
2025-09-08,East,Electronics,626067.8781029012
2025-09-09,West,Clothing,626053.9847203124
2025-09-10,East,Furniture,628102.2439279348
2025-09-11,North,Electronics,626532.6670474715
2025-09-12,North,Furniture,627027.2653152675
2025-09-13,South,Groceries,628468.0498764579
2025-09-14,South,Clothing,626885.0317791636
2025-09-15,West,Electronics,627771.2219687385
2025-09-16,South,Groceries,626357.6312820691
2025-09-17,East,Furniture,628217.2704419316
2025-09-18,North,Groceries,628402.1500514073
2025-09-19,North,Furniture,630438.2805883617
2025-09-20,North,Clothing,630191.6723999874
2025-09-21,South,Groceries,629560.335697416
2025-09-22,North,Clothing,631432.2805504008
2025-09-23,North,Electronics,632000.5168820724
2025-09-24,North,Furniture,631026.0544637713
2025-09-25,West,Furniture,630479.9029099598
2025-09-26,West,Clothing,629876.0716732146
2025-09-27,South,Clothing,633283.5700393044
2025-09-28,North,Electronics,630912.4071223551
2025-09-29,South,Groceries,631249.5918601019
2025-09-30,North,Furniture,631461.1330092365
2025-10-01,North,Furniture,632465.0391408463
2025-10-02,North,Electronics,631365.3186359507
2025-10-03,South,Electronics,632272.9796811369
2025-10-04,South,Clothing,635317.0302642967
2025-10-05,North,Clothing,633431.4781704667
2025-10-06,East,Groceries,635663.3309777742
2025-10-07,South,Electronics,633080.5960534908
2025-10-08,West,Groceries,634655.2805501954
2025-10-09,South,Electronics,633308.3914020503
2025-10-10,North,Furniture,636209.9353211896
2025-10-11,East,Electronics,635838.9187942237
2025-10-12,North,Electronics,635147.3480788618
2025-10-13,West,Furniture,636685.2292006529
2025-10-14,South,Electronics,634997.5679498477
2025-10-15,South,Groceries,634870.3698783837
2025-10-16,North,Clothing,637783.6402969939
2025-10-17,North,Clothing,640759.3842724408
2025-10-18,West,Groceries,639283.6066248784
2025-10-19,East,Furniture,637035.3119253415
2025-10-20,West,Electronics,639419.504493366
2025-10-21,East,Groceries,638134.1883947387
2025-10-22,South,Clothing,640350.3674393805
2025-10-23,East,Clothing,638319.0451793623
2025-10-24,East,Groceries,639895.2249070548
2025-10-25,South,Clothing,638063.9096534147
2025-10-26,South,Groceries,639943.1021864058
2025-10-27,South,Clothing,638823.8050095575
2025-10-28,West,Groceries,638948.0203606614
2025-10-29,South,Electronics,641169.7502106059
2025-10-30,North,Electronics,641402.9962623494
2025-10-31,South,Electronics,643003.7599500341
2025-11-01,South,Electronics,643167.0424382387
2025-11-02,South,Clothing,641724.8446213723
2025-11-03,East,Furniture,642089.1671232079
2025-11-04,West,Groceries,643337.0102965588
2025-11-05,South,Furniture,644457.3742230937
2025-11-06,West,Clothing,645923.2587132949
2025-11-07,North,Clothing,641843.6633065563
2025-11-08,North,Furniture,643325.587271424
2025-11-09,South,Furniture,643501.029605977
2025-11-10,North,Clothing,643940.9890383487
2025-11-11,West,Clothing,646194.4640273893
2025-11-12,East,Groceries,645587.4527634686
2025-11-13,South,Electronics,644098.9531694183
2025-11-14,North,Electronics,643705.9629016133
2025-11-15,West,Groceries,643926.479351193
2025-11-16,West,Furniture,647304.499645419
2025-11-17,North,Clothing,647230.0206491716
2025-11-18,West,Furniture,648289.0389665824
2025-11-19,West,Electronics,646872.5509428027
2025-11-20,South,Electronics,645462.5526659067
2025-11-21,West,Furniture,648527.0399689286
2025-11-22,North,Electronics,649697.0084320329
2025-11-23,South,Clothing,648500.4533848157
2025-11-24,North,Groceries,647431.3699087373
2025-11-25,East,Furniture,649589.752839683
2025-11-26,North,Clothing,651229.5967706527
2025-11-27,North,Clothing,648588.8960545767
2025-11-28,South,Electronics,650082.6448072565
2025-11-29,West,Clothing,648711.8369104287
2025-11-30,North,Furniture,652217.4660149512
2025-12-01,South,Clothing,650027.52554411
2025-12-02,East,Groceries,651545.0086970438
2025-12-03,South,Clothing,652215.9084522852
2025-12-04,South,Clothing,650782.217571418
2025-12-05,West,Groceries,651104.9286028463
2025-12-06,North,Clothing,654129.0338856747
2025-12-07,East,Clothing,652797.5255536978
2025-12-08,South,Electronics,653532.3955394974
2025-12-09,North,Furniture,654275.6355786426
2025-12-10,North,Electronics,652879.2372139944
2025-12-11,South,Furniture,654655.1918001091
2025-12-12,North,Groceries,652345.4905077411
2025-12-13,South,Groceries,655954.1243284408
2025-12-14,South,Groceries,654666.0840792451
2025-12-15,South,Furniture,654048.3604074605
2025-12-16,East,Furniture,657739.9437955328
2025-12-17,South,Furniture,657949.8245660038
2025-12-18,West,Groceries,657640.9928865508
2025-12-19,North,Furniture,656772.4387751075
2025-12-20,East,Clothing,657701.1521050608
2025-12-21,North,Electronics,655842.1226105259
2025-12-22,East,Groceries,656283.3398916913
2025-12-23,West,Electronics,658126.7934202352
2025-12-24,East,Clothing,657787.4725448076
2025-12-25,East,Furniture,658985.3664965777
2025-12-26,East,Electronics,660990.4643948417
2025-12-27,North,Clothing,661377.7552526888
2025-12-28,South,Clothing,661502.2279827226
2025-12-29,North,Electronics,658806.8714028355
2025-12-30,South,Groceries,659716.6742420316
2025-12-31,North,Electronics,658788.6251462961
